estimator,lam,eta,label,n_T,T_min,T_max,kappa_hat,rate_hat,C_hat_mse,r2_log_mse,theory_rate,rate_minus_theory,mean_abs_log_b_error,max_abs_log_b_error
OBM,0.0,0.15,OBM,9,10000,1000000,0.04185311683930188,-0.04185311683930188,15.895251061748732,0.9918629662585439,0.3,-0.34185311683930186,0.06845959537670425,0.22788685663767297
OBM,0.0,0.175,OBM,9,10000,1000000,0.0414653780740124,-0.0414653780740124,15.33987826374637,0.9124259221161944,0.35,-0.3914653780740124,0.04176448561861887,0.09918901370953807
OBM,0.0,0.2,OBM,9,10000,1000000,0.04467577146351233,-0.04467577146351233,13.94462416278198,0.8656987282016697,0.4,-0.44467577146351234,0.036812364709060026,0.05952331801932924
OBM,0.0,0.225,OBM,9,10000,1000000,0.049529594391538576,-0.049529594391538576,12.131564397268251,0.9140117632385335,0.45,-0.4995295943915386,0.020595227395433426,0.03831614414207903
OBM,0.0,0.25,OBM,9,10000,1000000,0.05650069122837113,-0.05650069122837113,9.977541298494717,0.8331127702111762,0.5,-0.5565006912283711,0.010589789642729443,0.02249430632960012
OBM,0.0,0.275,OBM,9,10000,1000000,0.06060045669485939,-0.06060045669485939,8.259488359660095,0.7961561013696858,0.55,-0.6106004566948594,0.012776727474051924,0.032105755168086385
OBM,0.0,0.3,OBM,9,10000,1000000,0.06101695340250149,-0.06101695340250149,6.865059735252735,0.6409271473705755,0.6,-0.6610169534025014,0.01033237107902495,0.02660728659439795
OBM,0.0,0.325,OBM,9,10000,1000000,0.060340470175215107,-0.060340470175215107,5.477894620579128,0.4895965315403631,0.65,-0.7103404701752152,0.01439740107467672,0.025691343491984212
OBM,0.0,0.35,OBM,9,10000,1000000,0.05317079735100117,-0.05317079735100117,4.510918687948011,0.31283112904113586,0.65,-0.7031707973510012,0.013674401862049138,0.024383709074176592
OBM,0.0,0.375,OBM,9,10000,1000000,0.04533071716168373,-0.04533071716168373,3.4689107383095354,0.17946560638235776,0.625,-0.6703307171616837,0.024712384347988694,0.0341192983723828
OBM,0.0,0.4,OBM,9,10000,1000000,0.021791591792973304,-0.021791591792973304,3.0386879780032507,0.0328421203098046,0.6,-0.6217915917929733,0.027066823487759743,0.03831618413698343
OBM,0.0,0.425,OBM,9,10000,1000000,-0.010752952712244076,0.010752952712244076,2.7840706657646885,0.0063943195056574975,0.575,-0.5642470472877559,0.031278758730187414,0.041911018503453766
OBM,0.0,0.45,OBM,9,10000,1000000,-0.05562799245550725,0.05562799245550725,2.8188334705216165,0.1266528950146163,0.55,-0.4943720075444928,0.03755306121774504,0.04641851150770025
OBM,0.0,0.475,OBM,9,10000,1000000,-0.12220002502266943,0.12220002502266943,3.678861143302972,0.39586809387679356,0.525,-0.4027999749773306,0.03961769954432712,0.04967351980006198
OBM,0.0,0.5,OBM,9,10000,1000000,-0.2059565307525185,0.2059565307525185,6.159306939822912,0.6768339412813356,0.5,-0.2940434692474815,0.04345278770828696,0.05354076692802976
OBM,0.0,0.525,OBM,9,10000,1000000,-0.2978007699021207,0.2978007699021207,12.877020044864366,0.8694417963425904,0.475,-0.1771992300978793,0.046430645018993175,0.058075341488384086
OBM,0.0,0.55,OBM,9,10000,1000000,-0.3494073697667698,0.3494073697667698,20.82134496356031,0.9380711091666999,0.44999999999999996,-0.10059263023323017,0.046276989938420506,0.05472793937884181
OBM,0.0,0.575,OBM,9,10000,1000000,-0.3938277995903197,0.3938277995903197,34.625216313623234,0.9799440076984322,0.42500000000000004,-0.03117220040968033,0.043302467743422626,0.050719701284848255
OBM,0.0,0.6,OBM,9,10000,1000000,-0.3948733492369411,0.3948733492369411,40.825741447540324,0.9900449365818084,0.4,-0.005126650763058904,0.039359813900339734,0.04681318159093857
OBM,0.0,0.625,OBM,9,10000,1000000,-0.3780063100082915,0.3780063100082915,42.30100200478279,0.9915258225403828,0.375,0.0030063100082914906,0.036198187364961394,0.042764561197416714
OBM,0.0,0.65,OBM,9,10000,1000000,-0.3560470105222008,0.3560470105222008,42.68737937035849,0.9930044816240595,0.35,0.006047010522200802,0.03294214965673513,0.03892898051621227
OBM,0.0,0.675,OBM,9,10000,1000000,-0.3323007519249473,0.3323007519249473,42.60562109215251,0.991084146442537,0.32499999999999996,0.007300751924947335,0.029343374266432933,0.034932712655426225
OBM,0.0,0.7,OBM,9,10000,1000000,-0.3047579606728664,0.3047579606728664,41.34343436385818,0.9879068163621089,0.30000000000000004,0.004757960672866379,0.026008593758343412,0.031075001109195748
OBM,0.0,0.725,OBM,9,10000,1000000,-0.2736376626541413,0.2736376626541413,39.007682683823795,0.9837033106070294,0.275,-0.0013623373458587218,0.0227559128676649,0.027176413897764564
OBM,0.0,0.75,OBM,9,10000,1000000,-0.24768454898065598,0.24768454898065598,38.541840011918275,0.9770438028181214,0.25,-0.0023154510193440225,0.019562343355316834,0.023315649199009164
OBM_RR,2.0,0.15,OBM-LW(lambda=2),9,10000,1000000,0.1283050110181491,-0.1283050110181491,4.159371885586186,0.9920113176285669,0.6,-0.728305011018149,0.06845959537670425,0.22788685663767297
OBM_RR,2.0,0.175,OBM-LW(lambda=2),9,10000,1000000,0.12839174252756272,-0.12839174252756272,3.684877280588361,0.9148660535399955,0.7,-0.8283917425275626,0.04176448561861887,0.09918901370953807
OBM_RR,2.0,0.2,OBM-LW(lambda=2),9,10000,1000000,0.14068829031006966,-0.14068829031006966,2.6838075229432374,0.8710231809080018,0.8,-0.9406882903100697,0.036812364709060026,0.05952331801932924
OBM_RR,2.0,0.225,OBM-LW(lambda=2),9,10000,1000000,0.1604393951392396,-0.1604393951392396,1.6642962999457869,0.9206034452938859,0.775,-0.9354393951392397,0.020595227395433426,0.03831614414207903
OBM_RR,2.0,0.25,OBM-LW(lambda=2),9,10000,1000000,0.18929432029910503,-0.18929432029910503,0.8434252600857999,0.8483438763447813,0.75,-0.9392943202991051,0.010589789642729443,0.02249430632960012
OBM_RR,2.0,0.275,OBM-LW(lambda=2),9,10000,1000000,0.21263600768395707,-0.21263600768395707,0.42020761417636004,0.8228753779538378,0.725,-0.937636007683957,0.012776727474051924,0.032105755168086385
OBM_RR,2.0,0.3,OBM-LW(lambda=2),9,10000,1000000,0.22679945505599072,-0.22679945505599072,0.2068699238593422,0.6887843726155038,0.7,-0.9267994550559907,0.01033237107902495,0.02660728659439795
OBM_RR,2.0,0.325,OBM-LW(lambda=2),9,10000,1000000,0.231235323358113,-0.231235323358113,0.09758505951916997,0.5400144528339517,0.675,-0.9062353233581131,0.01439740107467672,0.025691343491984212
OBM_RR,2.0,0.35,OBM-LW(lambda=2),9,10000,1000000,0.17662434603281787,-0.17662434603281787,0.08448633223285161,0.28980293659115186,0.65,-0.8266243460328179,0.013674401862049138,0.024383709074176592
OBM_RR,2.0,0.375,OBM-LW(lambda=2),9,10000,1000000,-0.01088260254496739,0.01088260254496739,0.3530790812467406,0.001322123763598193,0.625,-0.6141173974550326,0.024712384347988694,0.0341192983723828
OBM_RR,2.0,0.4,OBM-LW(lambda=2),9,10000,1000000,-0.32454686497342894,0.32454686497342894,8.8860399456721,0.7118226345281653,0.6,-0.27545313502657104,0.027066823487759743,0.03831618413698343
OBM_RR,2.0,0.425,OBM-LW(lambda=2),9,10000,1000000,-0.5311259462436793,0.5311259462436793,96.86311705100688,0.9903041353010936,0.575,-0.0438740537563207,0.031278758730187414,0.041911018503453766
OBM_RR,2.0,0.45,OBM-LW(lambda=2),9,10000,1000000,-0.5489438821133547,0.5489438821133547,155.71187690896733,0.9975668150648177,0.55,-0.0010561178866453913,0.03755306121774504,0.04641851150770025
OBM_RR,2.0,0.475,OBM-LW(lambda=2),9,10000,1000000,-0.51493954568625,0.51493954568625,143.42514772303812,0.9975915300107454,0.525,-0.010060454313750022,0.03961769954432712,0.04967351980006198
OBM_RR,2.0,0.5,OBM-LW(lambda=2),9,10000,1000000,-0.48565598089356987,0.48565598089356987,138.491114857685,0.9979128507659533,0.5,-0.014344019106430128,0.04345278770828696,0.05354076692802976
OBM_RR,2.0,0.525,OBM-LW(lambda=2),9,10000,1000000,-0.4550651536002972,0.4550651536002972,132.39616540288728,0.9967488947081911,0.475,-0.019934846399702777,0.046430645018993175,0.058075341488384086
OBM_RR,2.0,0.55,OBM-LW(lambda=2),9,10000,1000000,-0.44895320463453714,0.44895320463453714,152.72268973264988,0.9920536918152724,0.44999999999999996,-0.001046795365462816,0.046276989938420506,0.05472793937884181
OBM_RR,2.0,0.575,OBM-LW(lambda=2),9,10000,1000000,-0.4197339852023749,0.4197339852023749,144.76943164507088,0.9940592632264734,0.42500000000000004,-0.005266014797625118,0.043302467743422626,0.050719701284848255
OBM_RR,2.0,0.6,OBM-LW(lambda=2),9,10000,1000000,-0.40079574263546974,0.40079574263546974,154.1438139769855,0.9949920132374116,0.4,0.0007957426354697206,0.039359813900339734,0.04681318159093857
OBM_RR,2.0,0.625,OBM-LW(lambda=2),9,10000,1000000,-0.37532630922405363,0.37532630922405363,152.79847933058502,0.9924112387102407,0.375,0.0003263092240536336,0.036198187364961394,0.042764561197416714
OBM_RR,2.0,0.65,OBM-LW(lambda=2),9,10000,1000000,-0.3478775471027833,0.3478775471027833,151.69265310927744,0.9893181352734975,0.35,-0.0021224528972166867,0.03294214965673513,0.03892898051621227
OBM_RR,2.0,0.675,OBM-LW(lambda=2),9,10000,1000000,-0.3182814718471517,0.3182814718471517,147.39136704176536,0.9864794448943295,0.32499999999999996,-0.0067185281528482355,0.029343374266432933,0.034932712655426225
OBM_RR,2.0,0.7,OBM-LW(lambda=2),9,10000,1000000,-0.29972563425350685,0.29972563425350685,159.25449843638594,0.9871141533097124,0.30000000000000004,-0.0002743657464931992,0.026008593758343412,0.031075001109195748
OBM_RR,2.0,0.725,OBM-LW(lambda=2),9,10000,1000000,-0.28100737189894653,0.28100737189894653,170.77381248167043,0.985310259780875,0.275,0.006007371898946512,0.0227559128676649,0.027176413897764564
OBM_RR,2.0,0.75,OBM-LW(lambda=2),9,10000,1000000,-0.25546113862483477,0.25546113862483477,170.0236374514132,0.9893111589564274,0.25,0.0054611386248347715,0.019562343355316834,0.023315649199009164
OBM_RR,3.0,0.15,OBM-LW(lambda=3),9,10000,1000000,0.1682255558678775,-0.1682255558678775,2.235343747473114,0.9923271981683772,0.6,-0.7682255558678774,0.06845959537670425,0.22788685663767297
OBM_RR,3.0,0.175,OBM-LW(lambda=3),9,10000,1000000,0.1683812221185915,-0.1683812221185915,1.9115695063708087,0.9161607601721757,0.7,-0.8683812221185915,0.04176448561861887,0.09918901370953807
OBM_RR,3.0,0.2,OBM-LW(lambda=3),9,10000,1000000,0.18422034986923924,-0.18422034986923924,1.2733168630451213,0.8739208096410089,0.8,-0.9842203498692392,0.036812364709060026,0.05952331801932924
OBM_RR,3.0,0.225,OBM-LW(lambda=3),9,10000,1000000,0.2092844628135666,-0.2092844628135666,0.6956091882229919,0.9216418826868253,0.775,-0.9842844628135666,0.020595227395433426,0.03831614414207903
OBM_RR,3.0,0.25,OBM-LW(lambda=3),9,10000,1000000,0.24440771803485312,-0.24440771803485312,0.30151858080323085,0.8508412206593021,0.75,-0.9944077180348532,0.010589789642729443,0.02249430632960012
OBM_RR,3.0,0.275,OBM-LW(lambda=3),9,10000,1000000,0.2686529390611462,-0.2686529390611462,0.13565935663333864,0.8191010323195749,0.725,-0.9936529390611462,0.012776727474051924,0.032105755168086385
OBM_RR,3.0,0.3,OBM-LW(lambda=3),9,10000,1000000,0.2716679441817223,-0.2716679441817223,0.06921638759145028,0.6668969158509267,0.7,-0.9716679441817222,0.01033237107902495,0.02660728659439795
OBM_RR,3.0,0.325,OBM-LW(lambda=3),9,10000,1000000,0.22952856399717084,-0.22952856399717084,0.053087337595827955,0.4383104347208697,0.675,-0.9045285639971709,0.01439740107467672,0.025691343491984212
OBM_RR,3.0,0.35,OBM-LW(lambda=3),9,10000,1000000,0.06437284308777952,-0.06437284308777952,0.1802756018686228,0.04380506335116874,0.65,-0.7143728430877796,0.013674401862049138,0.024383709074176592
OBM_RR,3.0,0.375,OBM-LW(lambda=3),9,10000,1000000,-0.236829455098436,0.236829455098436,3.6891862019916157,0.46374326536893407,0.625,-0.388170544901564,0.024712384347988694,0.0341192983723828
OBM_RR,3.0,0.4,OBM-LW(lambda=3),9,10000,1000000,-0.493752092647044,0.493752092647044,64.34045435915519,0.9568038747021921,0.6,-0.10624790735295597,0.027066823487759743,0.03831618413698343
OBM_RR,3.0,0.425,OBM-LW(lambda=3),9,10000,1000000,-0.5666247541855612,0.5666247541855612,181.07262460829435,0.9980852986723295,0.575,-0.008375245814438714,0.031278758730187414,0.041911018503453766
OBM_RR,3.0,0.45,OBM-LW(lambda=3),9,10000,1000000,-0.5444426606156514,0.5444426606156514,188.81350735669673,0.9975682567047403,0.55,-0.0055573393843486585,0.03755306121774504,0.04641851150770025
OBM_RR,3.0,0.475,OBM-LW(lambda=3),9,10000,1000000,-0.5140366622459396,0.5140366622459396,179.91385171738546,0.9979664628658175,0.525,-0.010963337754060443,0.03961769954432712,0.04967351980006198
OBM_RR,3.0,0.5,OBM-LW(lambda=3),9,10000,1000000,-0.48304188013166405,0.48304188013166405,171.1555081289808,0.9973356296204811,0.5,-0.016958119868335952,0.04345278770828696,0.05354076692802976
OBM_RR,3.0,0.525,OBM-LW(lambda=3),9,10000,1000000,-0.4583677440525502,0.4583677440525502,173.42313271978196,0.995571952329493,0.475,-0.01663225594744977,0.046430645018993175,0.058075341488384086
OBM_RR,3.0,0.55,OBM-LW(lambda=3),9,10000,1000000,-0.4532206742719355,0.4532206742719355,200.1114795594697,0.9928977245898728,0.44999999999999996,0.003220674271935564,0.046276989938420506,0.05472793937884181
OBM_RR,3.0,0.575,OBM-LW(lambda=3),9,10000,1000000,-0.4215769926924905,0.4215769926924905,182.16523682766663,0.9956343209478514,0.42500000000000004,-0.0034230073075095513,0.043302467743422626,0.050719701284848255
OBM_RR,3.0,0.6,OBM-LW(lambda=3),9,10000,1000000,-0.39886370599845317,0.39886370599845317,187.26993262967065,0.9927772531320104,0.4,-0.001136294001546856,0.039359813900339734,0.04681318159093857
OBM_RR,3.0,0.625,OBM-LW(lambda=3),9,10000,1000000,-0.3696139299413519,0.3696139299413519,181.95243716480758,0.9899247102209475,0.375,-0.005386070058648107,0.036198187364961394,0.042764561197416714
OBM_RR,3.0,0.65,OBM-LW(lambda=3),9,10000,1000000,-0.3445847318563535,0.3445847318563535,184.1802399669421,0.9888013891856766,0.35,-0.005415268143646457,0.03294214965673513,0.03892898051621227
OBM_RR,3.0,0.675,OBM-LW(lambda=3),9,10000,1000000,-0.32572881964891703,0.32572881964891703,198.9002267062945,0.9881080105789883,0.32499999999999996,0.0007288196489170784,0.029343374266432933,0.034932712655426225
OBM_RR,3.0,0.7,OBM-LW(lambda=3),9,10000,1000000,-0.3024532154233784,0.3024532154233784,202.4337877495327,0.9875929332502618,0.30000000000000004,0.002453215423378341,0.026008593758343412,0.031075001109195748
OBM_RR,3.0,0.725,OBM-LW(lambda=3),9,10000,1000000,-0.27190555746863104,0.27190555746863104,187.8183924764861,0.9908053375767818,0.275,-0.0030944425313689794,0.0227559128676649,0.027176413897764564
OBM_RR,3.0,0.75,OBM-LW(lambda=3),9,10000,1000000,-0.23027279198659678,0.23027279198659678,152.00989500325977,0.9877409354936328,0.25,-0.01972720801340322,0.019562343355316834,0.023315649199009164
OBM_RR,4.0,0.15,OBM-LW(lambda=4),9,10000,1000000,0.20586568227292168,-0.20586568227292168,1.2420175818513908,0.9926338658952369,0.6,-0.8058656822729217,0.06845959537670425,0.22788685663767297
OBM_RR,4.0,0.175,OBM-LW(lambda=4),9,10000,1000000,0.205862203726059,-0.205862203726059,1.0312100727545386,0.9170534905956556,0.7,-0.905862203726059,0.04176448561861887,0.09918901370953807
OBM_RR,4.0,0.2,OBM-LW(lambda=4),9,10000,1000000,0.22429138581888572,-0.22429138581888572,0.6387598931379749,0.8758420047457242,0.8,-1.0242913858188858,0.036812364709060026,0.05952331801932924
OBM_RR,4.0,0.225,OBM-LW(lambda=4),9,10000,1000000,0.2524417425572365,-0.2524417425572365,0.3185412434081457,0.9206396157853202,0.775,-1.0274417425572366,0.020595227395433426,0.03831614414207903
OBM_RR,4.0,0.25,OBM-LW(lambda=4),9,10000,1000000,0.2891700561835506,-0.2891700561835506,0.1268413100131804,0.8475045106779706,0.75,-1.0391700561835506,0.010589789642729443,0.02249430632960012
OBM_RR,4.0,0.275,OBM-LW(lambda=4),9,10000,1000000,0.30478904227793896,-0.30478904227793896,0.059239248843963574,0.798439106592956,0.725,-1.029789042277939,0.012776727474051924,0.032105755168086385
OBM_RR,4.0,0.3,OBM-LW(lambda=4),9,10000,1000000,0.27815817300298207,-0.27815817300298207,0.040967611016043355,0.6010256464754685,0.7,-0.978158173002982,0.01033237107902495,0.02660728659439795
OBM_RR,4.0,0.325,OBM-LW(lambda=4),9,10000,1000000,0.16007251623910168,-0.16007251623910168,0.07922811115621822,0.2352687202229914,0.675,-0.8350725162391017,0.01439740107467672,0.025691343491984212
OBM_RR,4.0,0.35,OBM-LW(lambda=4),9,10000,1000000,-0.09124329119163005,0.09124329119163005,0.8503176269007068,0.0891093796850041,0.65,-0.55875670880837,0.013674401862049138,0.024383709074176592
OBM_RR,4.0,0.375,OBM-LW(lambda=4),9,10000,1000000,-0.39222407150909866,0.39222407150909866,21.30015058368907,0.8096887754521187,0.625,-0.23277592849090134,0.024712384347988694,0.0341192983723828
OBM_RR,4.0,0.4,OBM-LW(lambda=4),9,10000,1000000,-0.5569311927721032,0.5569311927721032,151.11956866728121,0.9924685277186489,0.6,-0.043068807227896744,0.027066823487759743,0.03831618413698343
OBM_RR,4.0,0.425,OBM-LW(lambda=4),9,10000,1000000,-0.5684239163601859,0.5684239163601859,222.82598858965613,0.9979766493200523,0.575,-0.006576083639814101,0.031278758730187414,0.041911018503453766
OBM_RR,4.0,0.45,OBM-LW(lambda=4),9,10000,1000000,-0.5434829670122975,0.5434829670122975,226.14877979870562,0.9978879526641173,0.55,-0.0065170329877025646,0.03755306121774504,0.04641851150770025
OBM_RR,4.0,0.475,OBM-LW(lambda=4),9,10000,1000000,-0.5110490571194805,0.5110490571194805,211.2117043974603,0.9977916671539402,0.525,-0.013950942880519568,0.03961769954432712,0.04967351980006198
OBM_RR,4.0,0.5,OBM-LW(lambda=4),9,10000,1000000,-0.4841380000040327,0.4841380000040327,209.18978551341945,0.9967554980702281,0.5,-0.015861999995967324,0.04345278770828696,0.05354076692802976
OBM_RR,4.0,0.525,OBM-LW(lambda=4),9,10000,1000000,-0.4594184685476946,0.4594184685476946,209.5269256124532,0.9959157618723606,0.475,-0.015581531452305397,0.046430645018993175,0.058075341488384086
OBM_RR,4.0,0.55,OBM-LW(lambda=4),9,10000,1000000,-0.4522416234887454,0.4522416234887454,234.38605831656355,0.9946815098061655,0.44999999999999996,0.002241623488745459,0.046276989938420506,0.05472793937884181
OBM_RR,4.0,0.575,OBM-LW(lambda=4),9,10000,1000000,-0.42162877308004537,0.42162877308004537,218.24319823973855,0.9938190024242899,0.42500000000000004,-0.003371226919954673,0.043302467743422626,0.050719701284848255
OBM_RR,4.0,0.6,OBM-LW(lambda=4),9,10000,1000000,-0.39553122673390945,0.39553122673390945,218.97781622335214,0.9905953157105927,0.4,-0.0044687732660905755,0.039359813900339734,0.04681318159093857
OBM_RR,4.0,0.625,OBM-LW(lambda=4),9,10000,1000000,-0.36932818359329805,0.36932818359329805,218.62674649099168,0.9902267495841512,0.375,-0.005671816406701946,0.036198187364961394,0.042764561197416714
OBM_RR,4.0,0.65,OBM-LW(lambda=4),9,10000,1000000,-0.34940040573156655,0.34940040573156655,232.53154147224123,0.9892003721532879,0.35,-0.0005995942684334232,0.03294214965673513,0.03892898051621227
OBM_RR,4.0,0.675,OBM-LW(lambda=4),9,10000,1000000,-0.3249183740145339,0.3249183740145339,233.8250988072926,0.9882625522409385,0.32499999999999996,-8.16259854660717e-05,0.029343374266432933,0.034932712655426225
OBM_RR,4.0,0.7,OBM-LW(lambda=4),9,10000,1000000,-0.29310882113090403,0.29310882113090403,213.49662788199427,0.990611864634277,0.30000000000000004,-0.006891178869096015,0.026008593758343412,0.031075001109195748
OBM_RR,4.0,0.725,OBM-LW(lambda=4),9,10000,1000000,-0.25281130981915795,0.25281130981915795,175.26802602845467,0.9889648600936426,0.275,-0.022188690180842074,0.0227559128676649,0.027176413897764564
OBM_RR,4.0,0.75,OBM-LW(lambda=4),9,10000,1000000,-0.2035037964132033,0.2035037964132033,126.36933572860421,0.9697660584604316,0.25,-0.04649620358679671,0.019562343355316834,0.023315649199009164
