estimator,lam,T,b,mse_selected,bias,var,sigma_true,eta,target_b,eta_actual,log_b_error
OBM,0.0,10000,5,23.317002443704663,-4.8285397666205885,0.0022080058731501,5.530043287007115,0.15,3.9810717055349722,0.1747425010840047,0.22788685663767297
OBM,0.0,10000,5,23.317002443704663,-4.8285397666205885,0.0022080058731501,5.530043287007115,0.175,5.011872336272722,0.1747425010840047,0.002371652661731426
OBM,0.0,10000,6,22.128932154947083,-4.703803963497036,0.0031630638231768,5.530043287007115,0.2,6.309573444801933,0.19453781259591088,0.050308605167181636
OBM,0.0,10000,8,19.96477513858199,-4.467574870090799,0.0055545475047619,5.530043287007115,0.225,7.943282347242816,0.22577249674798586,0.007114957985194649
OBM,0.0,10000,10,18.052121382058225,-4.247772716224068,0.008555462913055,5.530043287007115,0.25,10.0,0.25,0.0
OBM,0.0,10000,13,15.584731797884318,-3.945964137083517,0.014110585556352,5.530043287007115,0.275,12.589254117941675,0.2784858380767092,0.032105755168086385
OBM,0.0,10000,16,13.519822754580378,-3.674103782760504,0.0208014826542103,5.530043287007115,0.3,15.848931924611133,0.30102999566398114,0.009486610646926505
OBM,0.0,10000,20,11.268778383486568,-3.352247515661652,0.0312410114030195,5.530043287007115,0.325,19.952623149688797,0.32525749891599526,0.002371652661731522
OBM,0.0,10000,24,9.470518432495869,-3.070410049644839,0.0431365066246953,5.530043287007115,0.35,25.118864315095795,0.3450528104279015,0.04556529984371811
OBM,0.0,10000,32,6.851977946317182,-2.604177623277876,0.0702954322628614,5.530043287007115,0.375,31.622776601683793,0.37628749457997646,0.011858263308657958
OBM,0.0,10000,38,5.486150792392259,-2.3223709622877693,0.0928212569623075,5.530043287007115,0.4,39.810717055349734,0.3949458991542025,0.04654998906408755
OBM,0.0,10000,50,3.6996006121199874,-1.8863613671138533,0.1413592041171056,5.530043287007115,0.425,50.11872336272722,0.42474250108400463,0.002371652661731537
OBM,0.0,10000,65,2.4729454655767547,-1.505669747444295,0.206075807046994,5.530043287007115,0.45,63.09573444801933,0.4532283391607138,0.02973410250635483
OBM,0.0,10000,77,1.9147387565270395,-1.2867017631919966,0.2593534570064842,5.530043287007115,0.475,79.43282347242814,0.47162268129312046,0.031106254835002824
OBM,0.0,10000,101,1.3411528077570374,-0.9881354423516768,0.3650453597919867,5.530043287007115,0.5,100.0,0.5010803434456607,0.009950330853168092
OBM,0.0,10000,131,1.079489458996098,-0.7657875748295275,0.4934700742947208,5.530043287007115,0.525,125.89254117941675,0.529317823913941,0.03976862791365542
OBM,0.0,10000,156,1.0217126424183216,-0.6499908503419336,0.5997243071460455,5.530043287007115,0.55,158.48931924611142,0.5482811495886154,0.015831197337363923
OBM,0.0,10000,203,1.0710889801914865,-0.5195021131103408,0.8018747636350733,5.530043287007115,0.575,199.52623149688787,0.5768740094783031,0.017260265155482617
OBM,0.0,10000,242,1.1807324481343389,-0.4566329953176087,0.9730296137330514,5.530043287007115,0.6,251.18864315095797,0.5959538414951078,0.03726649702902315
OBM,0.0,10000,315,1.449170710940048,-0.3903175893221409,1.2979044774703594,5.530043287007115,0.625,316.22776601683796,0.6245776384474001,0.003890093659481259
OBM,0.0,10000,409,1.8371213062966776,-0.351515752884449,1.714987137718856,5.530043287007115,0.65,398.1071705534973,0.6529308270018355,0.02699391425828277
OBM,0.0,10000,488,2.1636061927061747,-0.3371615877596099,2.051637954741212,5.530043287007115,0.675,501.18723362727246,0.6721049555006776,0.026664345230776473
OBM,0.0,10000,634,2.754167603697368,-0.3485018389627559,2.634909830128719,5.530043287007115,0.7,630.957344480193,0.7005223144704331,0.004810694053898292
OBM,0.0,10000,825,3.4939693022209624,-0.4023445521095974,3.334867219625045,5.530043287007115,0.725,794.3282347242813,0.7291134871374811,0.03788661665194867
OBM,0.0,10000,982,4.088416195296752,-0.4680899267824179,3.87253512834854,5.530043287007115,0.75,1000.0,0.7480278719467374,0.01816397062767118
OBM,0.0,30000,5,24.501016717432226,-4.949791175136848,0.0005845270754949,5.530043287007115,0.15,4.694271328870265,0.15612040964921,0.06309501333745664
OBM,0.0,30000,6,23.469546846772552,-4.844451310674681,0.0008390444786517,5.530043287007115,0.175,6.074299753156561,0.17380615938497024,0.012307246384696045
OBM,0.0,30000,8,21.5596518684556,-4.64307796701432,0.0014800940935091,5.530043287007115,0.2,7.860030855966229,0.2017122020181897,0.01765100955097741
OBM,0.0,30000,10,19.83504976103021,-4.453398798475286,0.0022908117789038,5.530043287007115,0.225,10.170733675867188,0.22335781032193994,0.016929255650920155
OBM,0.0,30000,13,17.552088570068342,-4.189067322328747,0.0038067113252412,5.530043287007115,0.25,13.160740129524925,0.24880794799393632,0.012288807699536324
OBM,0.0,30000,18,14.42015616774944,-3.7964589160927376,0.0070617509618635,5.530043287007115,0.275,17.029752845447483,0.28037491809721055,0.05540977621898399
OBM,0.0,30000,22,12.400345996032229,-3.519958990273208,0.0102432388594276,5.530043287007115,0.3,22.036183309053403,0.29984059051495643,0.0016433448349718553
OBM,0.0,30000,30,9.319334804275249,-3.0498314515469,0.0178778196135904,5.530043287007115,0.325,28.514411174206582,0.3299265690341803,0.05078776695276017
OBM,0.0,30000,36,7.624307736119644,-2.7567766718539146,0.024510543094278,5.530043287007115,0.35,36.89711749119786,0.3476123187699405,0.024614492769392045
OBM,0.0,30000,49,5.120117522632714,-2.253746858634953,0.0407766003260674,5.530043287007115,0.375,47.74418348819862,0.37751849544989513,0.02596305036901687
OBM,0.0,30000,59,3.890512437292912,-1.9585771169111488,0.0545335590374522,5.530043287007115,0.4,61.78008505674121,0.3955336277245918,0.0460436203519978
OBM,0.0,30000,80,2.3680685296972825,-1.5108038217380375,0.0856116849898462,5.530043287007115,0.425,79.94228052013091,0.4250700123401296,0.0007217539000573804
OBM,0.0,30000,107,1.440594111413974,-1.1458614087745709,0.1277021617632662,5.530043287007115,0.45,103.44382350541889,0.4532787168866349,0.03380013717197439
OBM,0.0,30000,130,1.050204339923088,-0.9415423032786584,0.1638389635294148,5.530043287007115,0.475,133.85438283469583,0.4721657583158762,0.02921806335045631
OBM,0.0,30000,175,0.7092611036322036,-0.6912219753620681,0.2316663396918397,5.530043287007115,0.5,173.20508075688772,0.5010000670233676,0.010309643601367893
OBM,0.0,30000,235,0.5753833329946348,-0.5088056991680467,0.3167640635417016,5.530043287007115,0.525,224.12415166897196,0.529596525841738,0.04738536730590521
OBM,0.0,30000,286,0.557734019617457,-0.4174969968170634,0.3837500689903483,5.530043287007115,0.55,290.0124819770266,0.5486485385088927,0.013932152534508618
OBM,0.0,30000,383,0.6115769536404025,-0.3216723044731626,0.5085276552213455,5.530043287007115,0.575,375.27075541015427,0.5769776217799514,0.020387209310178317
OBM,0.0,30000,466,0.690483437435827,-0.2796812619401718,0.6127724728827822,5.530043287007115,0.6,485.59337483020374,0.5960048354457808,0.04118596226092943
OBM,0.0,30000,626,0.8729747927652507,-0.2386590740054028,0.8166972201769489,5.530043287007115,0.625,628.3487915845369,0.6246367194684207,0.003745041802584352
OBM,0.0,30000,840,1.128319795158954,-0.2274158532574137,1.0774997412972371,5.530043287007115,0.65,813.0716446117171,0.6531606181045876,0.03258266241856901
OBM,0.0,30000,1021,1.3501203135539344,-0.23786136256484,1.294621136699982,5.530043287007115,0.675,1052.099579287026,0.6720894009548826,0.030005227770232235
OBM,0.0,30000,1370,1.8002751897069789,-0.2740748757166056,1.7265969830270942,5.530043287007115,0.7,1361.3972791592591,0.7006110374718485,0.006299156371166344
OBM,0.0,30000,1837,2.4290485324095035,-0.345011551099434,2.311942180501217,5.530043287007115,0.725,1761.6227476853735,0.72906427380426,0.041898406248013775
OBM,0.0,30000,2235,2.9660567174366403,-0.4179868578275538,2.7936717639233577,5.530043287007115,0.75,2279.5070569547775,0.7480872946957234,0.019717988435550022
OBM,0.0,100000,6,25.515633359176608,-5.051284077689019,0.0001626612130172,5.530043287007115,0.15,5.62341325190349,0.15563025007672873,0.06482064948252075
OBM,0.0,100000,8,24.0678132381185,-4.905866432151612,0.0002880280298688,5.530043287007115,0.175,7.498942093324557,0.18061799739838869,0.06467958531004617
OBM,0.0,100000,10,22.721950249183184,-4.766707742407461,0.0004479209233854,5.530043287007115,0.2,10.000000000000002,0.2,2.2204460492503136e-16
OBM,0.0,100000,13,20.87617472589915,-4.568963225053563,0.0007503993400831,5.530043287007115,0.225,13.335214321633241,0.22278867046136736,0.02545887215676478
OBM,0.0,100000,18,18.2012815076676,-4.266130673295954,0.0014117624997591,5.530043287007115,0.25,17.78279410038923,0.2510545010206612,0.012140391653607661
OBM,0.0,100000,23,15.946509568072972,-3.99302631205013,0.0022523162785403,5.530043287007115,0.275,23.71373705661656,0.27234556720351855,0.03056028693766334
OBM,0.0,100000,32,12.713072833962226,-3.564957535344579,0.0041540668745246,5.530043287007115,0.3,31.62277660168379,0.3010299956639812,0.011858263308658178
OBM,0.0,100000,44,9.596733070618455,-3.0966788599848303,0.0073192080815746,5.530043287007115,0.325,42.16965034285823,0.32869053529723746,0.042488857802936694
OBM,0.0,100000,55,7.557613363073912,-2.747163591542604,0.0107144931209257,5.530043287007115,0.35,56.234132519034894,0.3480725378988488,0.022190727507108803
OBM,0.0,100000,77,4.914395895580686,-2.212667402197862,0.0185142914078256,5.530043287007115,0.375,74.98942093324558,0.3772981450344964,0.026458372489848083
OBM,0.0,100000,96,3.541152442867795,-1.874880116416671,0.0259986574811077,5.530043287007115,0.4,100.00000000000003,0.3964542466079137,0.040821994520255395
OBM,0.0,100000,133,2.060890923283772,-1.4210328809359574,0.0415911338608415,5.530043287007115,0.425,133.3521432163324,0.42477032819341715,0.0026441943905932573
OBM,0.0,100000,185,1.1436756596898097,-1.0391482975564754,0.0638997251462441,5.530043287007115,0.45,177.8279410038923,0.4534343456806027,0.03953936584172182
OBM,0.0,100000,231,0.772108536157283,-0.830116838575921,0.0830838069758156,5.530043287007115,0.475,237.13737056616546,0.4727223959784288,0.026221885339064725
OBM,0.0,100000,320,0.4663140390269802,-0.5903607791698562,0.1178864281350527,5.530043287007115,0.5,316.22776601683796,0.5010299956639812,0.011858263308657958
OBM,0.0,100000,445,0.3407752501001893,-0.4176155015913698,0.1665113023494024,5.530043287007115,0.525,421.69650342858233,0.5296720021961863,0.053788413056870044
OBM,0.0,100000,554,0.3193911673517502,-0.3335142988210782,0.2083329906591841,5.530043287007115,0.55,562.3413251903494,0.5487019529456859,0.014944318986342313
OBM,0.0,100000,769,0.3538367697475374,-0.2495099511803777,0.2918247412939148,5.530043287007115,0.575,749.8942093324555,0.5771852679602862,0.025158827147763026
OBM,0.0,100000,957,0.4125224190582096,-0.2140865750650356,0.3669951867574302,5.530043287007115,0.6,999.9999999999998,0.5961823875553687,0.043951887529182596
OBM,0.0,100000,1328,0.549986459863642,-0.1904899957519648,0.5141284617668642,5.530043287007115,0.625,1333.521432163324,0.6246396150063998,0.004149085570013683
OBM,0.0,100000,1844,0.7419059048171277,-0.1960711676563029,0.7040487092887625,5.530043287007115,0.65,1778.2794100389233,0.6531521833435221,0.03629085188589039
OBM,0.0,100000,2294,0.9232383965765384,-0.2115366258245741,0.8792233386268147,5.530043287007115,0.675,2371.3737056616565,0.6721186827130498,0.03317239116558865
OBM,0.0,100000,3185,1.331101567753119,-0.2625186151916612,1.2632382429667777,5.530043287007115,0.7,3162.2776601683777,0.7006218873342739,0.007159742527104323
OBM,0.0,100000,4421,1.8828210001106005,-0.3411174593853419,1.767933156643627,5.530043287007115,0.725,4216.965034285821,0.7291041029811747,0.04725023172282791
OBM,0.0,100000,5501,2.3396833437872253,-0.4106715019462408,2.1728429637462314,5.530043287007115,0.75,5623.413251903491,0.7480883289899533,0.022008925852213278
OBM,0.0,300000,7,26.83643023223168,-5.180383804686441,5.391330186205168e-05,5.530043287007115,0.15,6.630834496675398,0.15429602535931292,0.054179486009562565
OBM,0.0,300000,9,25.883674538369704,-5.087591351263444,8.885496491333168e-05,5.530043287007115,0.175,9.088583876478463,0.17422336754313217,0.009794529550489707
OBM,0.0,300000,12,24.539110951887828,-4.953680854679471,0.0001570727638669,5.530043287007115,0.2,12.457309396155175,0.1970343901219439,0.0374009009396674
OBM,0.0,300000,17,22.50163623921903,-4.7435561519221885,0.0003115323905208,5.530043287007115,0.225,17.074668562300275,0.22465248880842104,0.004382650512410136
OBM,0.0,300000,24,20.017159729071057,-4.473986128313362,0.0006083596970893,5.530043287007115,0.25,23.40347319320716,0.2519957432971328,0.025169391938361145
OBM,0.0,300000,31,17.89001669376766,-4.229542071190228,0.0009913879561636,5.530043287007115,0.275,32.07807844156349,0.2722893331143909,0.034185677765396966
OBM,0.0,300000,45,14.46756230933687,-3.803364961919584,0.0019789248833797,5.530043287007115,0.3,43.967966122300474,0.30183967761363,0.023201163678818436
OBM,0.0,300000,57,12.199910188952598,-3.4924051478215152,0.0030189882459149,5.530043287007115,0.325,60.26489549408122,0.320583528100541,0.05569850209790989
OBM,0.0,300000,81,8.911722653995767,-2.984329205921553,0.0055064333738765,5.530043287007115,0.35,82.60235687978427,0.34844673508626434,0.019589059100979238
OBM,0.0,300000,117,5.876116508081027,-2.422026730406427,0.0099112846816794,5.530043287007115,0.375,113.21930132219957,0.3776045417953813,0.032847277183379285
OBM,0.0,300000,149,4.240119374900152,-2.055701960048988,0.0142206769149985,5.530043287007115,0.4,155.184557391536,0.3967752706843269,0.04066879550987638
OBM,0.0,300000,213,2.429197107178656,-1.5511175186766932,0.0232509262047514,5.530043287007115,0.425,212.7044291173785,0.42511010714476366,0.0013886204131314062
OBM,0.0,300000,305,1.2904437607492434,-1.119900701479728,0.036296426596622,5.530043287007115,0.45,291.5443065124053,0.4535776594695713,0.0451197874701593
OBM,0.0,300000,388,0.8282134695599177,-0.8832378558667893,0.048144479923692,5.530043287007115,0.475,399.60654798069135,0.47266284699528943,0.02947509335493688
OBM,0.0,300000,556,0.4409165262805762,-0.6069069200763284,0.0726410508530848,5.530043287007115,0.5,547.7225575051662,0.5011893408816928,0.014999417431413222
OBM,0.0,300000,797,0.2749709353559073,-0.4093680761197955,0.1074782788422532,5.530043287007115,0.525,750.7384488967276,0.529741480325255,0.05979735813008719
OBM,0.0,300000,1012,0.2365289846849291,-0.3141771219209603,0.1379366679696992,5.530043287007115,0.55,1029.0031165031005,0.5486788356044157,0.016661914653675794
OBM,0.0,300000,1450,0.2443149991782633,-0.2130223927259802,0.1991023780239146,5.530043287007115,0.575,1410.4078661871597,0.5771951825077468,0.027684627072576358
OBM,0.0,300000,1842,0.2796094116403708,-0.1642346216247512,0.2528471066223309,5.530043287007115,0.6,1933.1820449317622,0.5961689497100533,0.048315435367750396
OBM,0.0,300000,2639,0.3693053872370395,-0.1088305280465853,0.3577594362656957,5.530043287007115,0.625,2649.7248834477414,0.6246784088031242,0.004055759520637158
OBM,0.0,300000,3779,0.5179119178636659,-0.0704309343440003,0.5133792173655685,5.530043287007115,0.65,3631.857628912531,0.6531491134753263,0.03971516348456896
OBM,0.0,300000,4802,0.6583124426683118,-0.0572221311203815,0.6555843907039401,5.530043287007115,0.675,4978.022404925004,0.6721454546124407,0.03600020692468025
OBM,0.0,300000,6877,0.9755412811992036,-0.0536974796525528,0.9734690861165978,5.530043287007115,0.7,6823.149362095244,0.7006233468056448,0.007861361772999929
OBM,0.0,300000,9850,1.4149917383136634,-0.0748086111160724,1.4105708857546764,5.530043287007115,0.725,9352.18113349616,0.7291122552849177,0.05186186277833974
OBM,0.0,300000,12515,1.7961645825723902,-0.1003913924860802,1.7875757973849171,5.530043287007115,0.75,12818.610191887023,0.7480993506239187,0.02397011136287902
OBM,0.0,1000000,9,27.95207697308844,-5.286971123439224,1.3324111662296042e-05,5.530043287007115,0.15,7.943282347242814,0.1590404182398875,0.12489799364157832
OBM,0.0,1000000,11,27.41648318173297,-5.236073273621486,1.987155939025497e-05,5.530043287007115,0.175,11.220184543019633,0.17356544752637085,0.01981907484537731
OBM,0.0,1000000,15,26.39208207483825,-5.137318881795886,3.681225859935382e-05,5.530043287007115,0.2,15.848931924611136,0.19601520984261356,0.055051910490644874
OBM,0.0,1000000,22,24.735900802142908,-4.973512073243627,7.852488019324623e-05,5.530043287007115,0.225,22.387211385683397,0.22373711347036773,0.017447422183645853
OBM,0.0,1000000,33,22.43486278117634,-4.736527128556229,0.0001736863658616,5.530043287007115,0.25,31.622776601683793,0.2530856566463146,0.04262992197541174
OBM,0.0,1000000,43,20.609380009893265,-4.539723657048113,0.0002893686715236,5.530043287007115,0.275,44.668359215096324,0.27224474259659776,0.03806528774661319
OBM,0.0,1000000,64,17.419789234278525,-4.1736288684833385,0.000611812284586,5.530043287007115,0.3,63.095734448019314,0.3010299956639812,0.01422991597038981
OBM,0.0,1000000,84,14.999393189583406,-3.872775552989524,0.0010035420351188,5.530043287007115,0.325,89.12509381337456,0.3207132143436469,0.05922413249507562
OBM,0.0,1000000,124,11.393550870442796,-3.3751402588245183,0.0019807543333697,5.530043287007115,0.35,125.89254117941668,0.34890361419370586,0.015147129682458776
OBM,0.0,1000000,184,7.899706192727546,-2.8099687147002466,0.0037851694412583,5.530043287007115,0.375,177.82794100389228,0.3774696371682561,0.0341192983723828
OBM,0.0,1000000,240,5.831394804968467,-2.413643602860742,0.0057241334490885,5.530043287007115,0.4,251.1886431509581,0.396701873618601,0.04556529984371869
OBM,0.0,1000000,356,3.39471953199188,-1.839704503532488,0.0102153844945744,5.530043287007115,0.425,354.8133892335754,0.42524166632881255,0.003338743717214201
OBM,0.0,1000000,528,1.7833594644053126,-1.3289246627492537,0.0173331494332902,5.530043287007115,0.45,501.18723362727235,0.45377232042230203,0.05211653262233804
OBM,0.0,1000000,686,1.113854710060474,-1.0439671976036466,0.0240072063933904,5.530043287007115,0.475,707.9457843841377,0.47272068595112526,0.031489887307144734
OBM,0.0,1000000,1017,0.5361385915746831,-0.7062311708487394,0.0374072976443381,5.530043287007115,0.5,1000.0,0.5012201588204575,0.016857117066422806
OBM,0.0,1000000,1508,0.2781381246093004,-0.4704089765830996,0.0569009368066802,5.530043287007115,0.525,1412.5375446227547,0.5297335569222926,0.0653965056366573
OBM,0.0,1000000,1960,0.2020311309116147,-0.357377190210765,0.0743746537067624,5.530043287007115,0.55,1995.262314968881,0.5487093452260794,0.017831054655788534
OBM,0.0,1000000,2905,0.1677872015472204,-0.2364027443242884,0.1119942725836519,5.530043287007115,0.575,2818.382931264452,0.5771910227877249,0.03027009845655459
OBM,0.0,1000000,3777,0.179690870181277,-0.1817207443577304,0.1467907668904246,5.530043287007115,0.6,3981.0717055349714,0.5961911641379208,0.05262101206610732
OBM,0.0,1000000,5598,0.2350926865352084,-0.1279262660603848,0.2189099819720326,5.530043287007115,0.625,5623.413251903491,0.6246721490216905,0.0045294286522725566
OBM,0.0,1000000,8298,0.3259228809949694,-0.0998877510876257,0.3162088255322361,5.530043287007115,0.65,7943.282347242817,0.6531622384154924,0.043687938216034866
OBM,0.0,1000000,10787,0.4212005540059007,-0.0931017880706761,0.4128766749597434,5.530043287007115,0.675,11220.18454301964,0.6721501131221128,0.039372642250456565
OBM,0.0,1000000,15988,0.620966120911314,-0.0976622139942628,0.6119381613368335,5.530043287007115,0.7,15848.931924611124,0.7006323565980113,0.008736329256222843
OBM,0.0,1000000,23696,0.9372180975648984,-0.1310309385082151,0.92081633766661,5.530043287007115,0.725,22387.21138568339,0.7291125068628556,0.05681638198348153
OBM,0.0,1000000,30804,1.2393344508788162,-0.1668238016260206,1.212514699005696,5.530043287007115,0.75,31622.776601683792,0.7481011857865114,0.02623308781406487
OBM_RR,2.0,10000,5,13.465972688481246,-3.6670056658275474,0.0190580169507052,5.530043287007115,0.15,3.9810717055349722,0.1747425010840047,0.22788685663767297
OBM_RR,2.0,10000,5,13.465972688481246,-3.6670056658275474,0.0190580169507052,5.530043287007115,0.175,5.011872336272722,0.1747425010840047,0.002371652661731426
OBM_RR,2.0,10000,6,11.466850803436392,-3.3822995179976414,0.0269232099976467,5.530043287007115,0.2,6.309573444801933,0.19453781259591088,0.050308605167181636
OBM_RR,2.0,10000,8,8.343877427711986,-2.8806326954302106,0.0458709275033849,5.530043287007115,0.225,7.943282347242816,0.22577249674798586,0.007114957985194649
OBM_RR,2.0,10000,10,6.103824415891696,-2.456722315099236,0.0683968797849678,5.530043287007115,0.25,10.0,0.25,0.0
OBM_RR,2.0,10000,13,3.8679681760373934,-1.939266438280005,0.107303276795507,5.530043287007115,0.275,12.589254117941675,0.2784858380767092,0.032105755168086385
OBM_RR,2.0,10000,16,2.5044897203952043,-1.5342514637952471,0.1506877393534741,5.530043287007115,0.3,15.848931924611133,0.30102999566398114,0.009486610646926505
OBM_RR,2.0,10000,20,1.4802710603254203,-1.1257755429670588,0.2130780522261664,5.530043287007115,0.325,19.952623149688797,0.32525749891599526,0.002371652661731522
OBM_RR,2.0,10000,24,0.9643319963248336,-0.8281846420535581,0.2786744236778511,5.530043287007115,0.35,25.118864315095795,0.3450528104279015,0.04556529984371811
OBM_RR,2.0,10000,32,0.6174767495649301,-0.4495293512029299,0.4157465674448731,5.530043287007115,0.375,31.622776601683793,0.37628749457997646,0.011858263308657958
OBM_RR,2.0,10000,38,0.600431006689344,-0.2831218648121156,0.520706938803657,5.530043287007115,0.4,39.810717055349734,0.3949458991542025,0.04654998906408755
OBM_RR,2.0,10000,50,0.7368618189995433,-0.1094023836575077,0.7254975187151946,5.530043287007115,0.425,50.11872336272722,0.42474250108400463,0.002371652661731537
OBM_RR,2.0,10000,65,0.9733198421544224,-0.037266036060461,0.9727417027964268,5.530043287007115,0.45,63.09573444801933,0.4532283391607138,0.02973410250635483
OBM_RR,2.0,10000,77,1.174787108497303,-0.0286334514153479,1.174946355920615,5.530043287007115,0.475,79.43282347242814,0.47162268129312046,0.031106254835002824
OBM_RR,2.0,10000,101,1.6055831114796983,-0.0549305626666152,1.6039023300398607,5.530043287007115,0.5,100.0,0.5010803434456607,0.009950330853168092
OBM_RR,2.0,10000,131,2.170217508434774,-0.1016086800579847,2.161694596735594,5.530043287007115,0.525,125.89254117941675,0.529317823913941,0.03976862791365542
OBM_RR,2.0,10000,156,2.6352269831588897,-0.1345586268316578,2.619303712197566,5.530043287007115,0.55,158.48931924611142,0.5482811495886154,0.015831197337363923
OBM_RR,2.0,10000,203,3.484690821428388,-0.1851925037708373,3.4532722848795427,5.530043287007115,0.575,199.52623149688787,0.5768740094783031,0.017260265155482617
OBM_RR,2.0,10000,242,4.153122315406498,-0.218410097382514,4.108843380918625,5.530043287007115,0.6,251.18864315095797,0.5959538414951078,0.03726649702902315
OBM_RR,2.0,10000,315,5.320540692785127,-0.3052132421430782,5.231745357403473,5.530043287007115,0.625,316.22776601683796,0.6245776384474001,0.003890093659481259
OBM_RR,2.0,10000,409,6.774126197096736,-0.4478601161114444,6.579030038525484,5.530043287007115,0.65,398.1071705534973,0.6529308270018355,0.02699391425828277
OBM_RR,2.0,10000,488,8.038251618364459,-0.5935918969292162,7.692310537045306,5.530043287007115,0.675,501.18723362727246,0.6721049555006776,0.026664345230776473
OBM_RR,2.0,10000,634,10.728546368097666,-0.8923366356229598,9.940565501407267,5.530043287007115,0.7,630.957344480193,0.7005223144704331,0.004810694053898292
OBM_RR,2.0,10000,825,14.124726131421404,-1.3218016295432031,12.387889825079236,5.530043287007115,0.725,794.3282347242813,0.7291134871374811,0.03788661665194867
OBM_RR,2.0,10000,982,16.41581101247054,-1.6477751642407927,13.71207474953972,5.530043287007115,0.75,1000.0,0.7480278719467374,0.01816397062767118
OBM_RR,2.0,30000,5,15.663017141419871,-3.957006421813722,0.0051215871341118,5.530043287007115,0.15,4.694271328870265,0.15612040964921,0.06309501333745664
OBM_RR,2.0,30000,6,13.732589895803848,-3.7047696587392336,0.0072777362692556,5.530043287007115,0.175,6.074299753156561,0.17380615938497024,0.012307246384696045
OBM_RR,2.0,30000,8,10.578447307493027,-3.250523754056286,0.0125530927194531,5.530043287007115,0.2,7.860030855966229,0.2017122020181897,0.01765100955097741
OBM_RR,2.0,30000,10,8.17180961756318,-2.85532125445079,0.0189659564084207,5.530043287007115,0.225,10.170733675867188,0.22335781032193994,0.016929255650920155
OBM_RR,2.0,30000,13,5.5787078133429215,-2.355499976722406,0.0303529671429524,5.530043287007115,0.25,13.160740129524925,0.24880794799393632,0.012288807699536324
OBM_RR,2.0,30000,18,3.001336783169043,-1.7170944276150912,0.0529676495301897,5.530043287007115,0.275,17.029752845447483,0.28037491809721055,0.05540977621898399
OBM_RR,2.0,30000,22,1.862634867975238,-1.3376584385212542,0.0733659080848583,5.530043287007115,0.3,22.036183309053403,0.29984059051495643,0.0016433448349718553
OBM_RR,2.0,30000,30,0.7823963308256149,-0.8151864783646907,0.1179656410178364,5.530043287007115,0.325,28.514411174206582,0.3299265690341803,0.05078776695276017
OBM_RR,2.0,30000,36,0.4690231948811392,-0.5616952833840907,0.1536496448759349,5.530043287007115,0.35,36.89711749119786,0.3476123187699405,0.024614492769392045
OBM_RR,2.0,30000,49,0.2938682669050442,-0.2436486932257713,0.2346991638309439,5.530043287007115,0.375,47.74418348819862,0.37751849544989513,0.02596305036901687
OBM_RR,2.0,30000,59,0.3117517032487384,-0.1196747079992723,0.2976777322909363,5.530043287007115,0.4,61.78008505674121,0.3955336277245918,0.0460436203519978
OBM_RR,2.0,30000,80,0.4228007759280257,-0.0074965927133057,0.4230971579907088,5.530043287007115,0.425,79.94228052013091,0.4250700123401296,0.0007217539000573804
OBM_RR,2.0,30000,107,0.571289755634354,0.0252116390481891,0.5711300706163716,5.530043287007115,0.45,103.44382350541889,0.4532787168866349,0.03380013717197439
OBM_RR,2.0,30000,130,0.6905226583538322,0.0233692677654557,0.690551995674334,5.530043287007115,0.475,133.85438283469583,0.4721657583158762,0.02921806335045631
OBM_RR,2.0,30000,175,0.9156745142478466,-0.001920891586181,0.9164345198565744,5.530043287007115,0.5,173.20508075688772,0.5010000670233676,0.010309643601367893
OBM_RR,2.0,30000,235,1.212303771632801,-0.0476372702074403,1.2110436651742962,5.530043287007115,0.525,224.12415166897196,0.529596525841738,0.04738536730590521
OBM_RR,2.0,30000,286,1.4751420462372071,-0.0819632011487243,1.469648787217342,5.530043287007115,0.55,290.0124819770266,0.5486485385088927,0.013932152534508618
OBM_RR,2.0,30000,383,1.971676811909988,-0.1311567384692891,1.9561048092050908,5.530043287007115,0.575,375.27075541015427,0.5769776217799514,0.020387209310178317
OBM_RR,2.0,30000,466,2.387920299300575,-0.1838898443718903,2.3560682146163034,5.530043287007115,0.6,485.59337483020374,0.5960048354457808,0.04118596226092943
OBM_RR,2.0,30000,626,3.2393382805669044,-0.2806989543010862,3.1631823629236173,5.530043287007115,0.625,628.3487915845369,0.6246367194684207,0.003745041802584352
OBM_RR,2.0,30000,840,4.43782054225181,-0.4101360685273265,4.273169922480158,5.530043287007115,0.65,813.0716446117171,0.6531606181045876,0.03258266241856901
OBM_RR,2.0,30000,1021,5.456511158927339,-0.5256090616847127,5.184566745490163,5.530043287007115,0.675,1052.099579287026,0.6720894009548826,0.030005227770232235
OBM_RR,2.0,30000,1370,7.403872206036812,-0.754379521838044,6.840484146523653,5.530043287007115,0.7,1361.3972791592591,0.7006110374718485,0.006299156371166344
OBM_RR,2.0,30000,1837,9.886287967211157,-1.0055434839056314,8.882572412863468,5.530043287007115,0.725,1761.6227476853735,0.72906427380426,0.041898406248013775
OBM_RR,2.0,30000,2235,11.928918863428528,-1.2180384492169614,10.454012877055217,5.530043287007115,0.75,2279.5070569547775,0.7480872946957234,0.019717988435550022
OBM_RR,2.0,100000,6,17.773126674000807,-4.215648340006674,0.0014369448538213,5.530043287007115,0.15,5.62341325190349,0.15563025007672873,0.06482064948252075
OBM_RR,2.0,100000,8,14.910387131640816,-3.8610720042008166,0.0025122035204365,5.530043287007115,0.175,7.498942093324557,0.18061799739838869,0.06467958531004617
OBM_RR,2.0,100000,10,12.538096577625115,-3.5403748390137992,0.0038457817212343,5.530043287007115,0.2,10.000000000000002,0.2,2.2204460492503136e-16
OBM_RR,2.0,100000,13,9.708197423153672,-3.114792138178179,0.0062725862522902,5.530043287007115,0.225,13.335214321633241,0.22278867046136736,0.02545887215676478
OBM_RR,2.0,100000,18,6.403473499537228,-2.5282859948063767,0.0112528053409414,5.530043287007115,0.25,17.78279410038923,0.2510545010206612,0.012140391653607661
OBM_RR,2.0,100000,23,4.273508706293236,-2.06309683240172,0.0171544618120694,5.530043287007115,0.275,23.71373705661656,0.27234556720351855,0.03056028693766334
OBM_RR,2.0,100000,32,2.121478019540979,-1.4463856472255872,0.0294711383227331,5.530043287007115,0.3,31.62277660168379,0.3010299956639812,0.011858263308658178
OBM_RR,2.0,100000,44,0.8857904727922036,-0.9152315580001122,0.0481818195491823,5.530043287007115,0.325,42.16965034285823,0.32869053529723746,0.042488857802936694
OBM_RR,2.0,100000,55,0.4358701520755954,-0.6076222658350154,0.0667209349162132,5.530043287007115,0.35,56.234132519034894,0.3480725378988488,0.022190727507108803
OBM_RR,2.0,100000,77,0.177209537815797,-0.2689991373769178,0.1049364489470603,5.530043287007115,0.375,74.98942093324558,0.3772981450344964,0.026458372489848083
OBM_RR,2.0,100000,96,0.1534451379806003,-0.128205126985649,0.1371228524388931,5.530043287007115,0.4,100.00000000000003,0.3964542466079137,0.040821994520255395
OBM_RR,2.0,100000,133,0.1951269040870031,-0.0124439120285622,0.1951346653615632,5.530043287007115,0.425,133.3521432163324,0.42477032819341715,0.0026441943905932573
OBM_RR,2.0,100000,185,0.2732745390950757,0.0251960804001862,0.2728670858657646,5.530043287007115,0.45,177.8279410038923,0.4534343456806027,0.03953936584172182
OBM_RR,2.0,100000,231,0.3455933467711565,0.0269034562845664,0.3451571817959309,5.530043287007115,0.475,237.13737056616546,0.4727223959784288,0.026221885339064725
OBM_RR,2.0,100000,320,0.4897327911858964,0.0087492224342522,0.4900646294839289,5.530043287007115,0.5,316.22776601683796,0.5010299956639812,0.011858263308657958
OBM_RR,2.0,100000,445,0.6940153072184618,-0.031702614187191,0.6935882416735545,5.530043287007115,0.525,421.69650342858233,0.5296720021961863,0.053788413056870044
OBM_RR,2.0,100000,554,0.8821604955003871,-0.0634707189422574,0.8788643502959202,5.530043287007115,0.55,562.3413251903494,0.5487019529456859,0.014944318986342313
OBM_RR,2.0,100000,769,1.234592746956239,-0.1315165254437014,1.218311409999788,5.530043287007115,0.575,749.8942093324555,0.5771852679602862,0.025158827147763026
OBM_RR,2.0,100000,957,1.50670659357178,-0.1816670135599505,1.4749328004230076,5.530043287007115,0.6,999.9999999999998,0.5961823875553687,0.043951887529182596
OBM_RR,2.0,100000,1328,2.1659950299479185,-0.2713932537099932,2.094085803291365,5.530043287007115,0.625,1333.521432163324,0.6246396150063998,0.004149085570013683
OBM_RR,2.0,100000,1844,3.156233803704359,-0.3918171119163975,3.0052175024325454,5.530043287007115,0.65,1778.2794100389233,0.6531521833435221,0.03629085188589039
OBM_RR,2.0,100000,2294,3.952381198350396,-0.4905560119315373,3.7148316905837073,5.530043287007115,0.675,2371.3737056616565,0.6721186827130498,0.03317239116558865
OBM_RR,2.0,100000,3185,5.432508080029083,-0.6717042627360099,4.985476026807031,5.530043287007115,0.7,3162.2776601683777,0.7006218873342739,0.007159742527104323
OBM_RR,2.0,100000,4421,7.319421234860254,-0.8621675128728157,6.581573058822643,5.530043287007115,0.725,4216.965034285821,0.7291041029811747,0.04725023172282791
OBM_RR,2.0,100000,5501,8.918883475322476,-1.0214753442488922,7.88203996304996,5.530043287007115,0.75,5623.413251903491,0.7480883289899533,0.022008925852213278
OBM_RR,2.0,300000,7,20.74945007901604,-4.5551041134864345,0.0004769918081732,5.530043287007115,0.15,6.630834496675398,0.15429602535931292,0.054179486009562565
OBM_RR,2.0,300000,9,18.65572435125355,-4.319137191716186,0.0007789194871451,5.530043287007115,0.175,9.088583876478463,0.17422336754313217,0.009794529550489707
OBM_RR,2.0,300000,12,15.955718288374367,-3.994291401947253,0.0013556143832687,5.530043287007115,0.2,12.457309396155175,0.1970343901219439,0.0374009009396674
OBM_RR,2.0,300000,17,12.390934393884296,-3.519705196679599,0.0026118989333676,5.530043287007115,0.225,17.074668562300275,0.22465248880842104,0.004382650512410136
OBM_RR,2.0,300000,24,8.818590212064501,-2.96879046088608,0.004877475979635,5.530043287007115,0.25,23.40347319320716,0.2519957432971328,0.025169391938361145
OBM_RR,2.0,300000,31,6.362086716486614,-2.520812007325736,0.007599873436872,5.530043287007115,0.275,32.07807844156349,0.2722893331143909,0.034185677765396966
OBM_RR,2.0,300000,45,3.4220973027947394,-1.846103980113916,0.0140090716286567,5.530043287007115,0.3,43.967966122300474,0.30183967761363,0.023201163678818436
OBM_RR,2.0,300000,57,2.0691305913555555,-1.4314302316026213,0.0201548791422411,5.530043287007115,0.325,60.26489549408122,0.320583528100541,0.05569850209790989
OBM_RR,2.0,300000,81,0.8090092245446783,-0.8807527522673917,0.0333115735627276,5.530043287007115,0.35,82.60235687978427,0.34844673508626434,0.019589059100979238
OBM_RR,2.0,300000,117,0.2445326986172166,-0.437511369824537,0.0531608005586058,5.530043287007115,0.375,113.21930132219957,0.3776045417953813,0.032847277183379285
OBM_RR,2.0,300000,149,0.1254569519080081,-0.234371782852123,0.0705856406779567,5.530043287007115,0.4,155.184557391536,0.3967752706843269,0.04066879550987638
OBM_RR,2.0,300000,213,0.1094806443498592,-0.0547585258293299,0.1065709573299661,5.530043287007115,0.425,212.7044291173785,0.42511010714476366,0.0013886204131314062
OBM_RR,2.0,300000,305,0.1608180844590739,0.0214278343616163,0.1604926762705372,5.530043287007115,0.45,291.5443065124053,0.4535776594695713,0.0451197874701593
OBM_RR,2.0,300000,388,0.2105718949042767,0.0398176905707474,0.209160747044426,5.530043287007115,0.475,399.60654798069135,0.47266284699528943,0.02947509335493688
OBM_RR,2.0,300000,556,0.3048523646528857,0.0399620501712938,0.3035083228013271,5.530043287007115,0.5,547.7225575051662,0.5011893408816928,0.014999417431413222
OBM_RR,2.0,300000,797,0.438115619784423,0.0249296731739132,0.4378590136912741,5.530043287007115,0.525,750.7384488967276,0.529741480325255,0.05979735813008719
OBM_RR,2.0,300000,1012,0.5512594431213067,0.0178506195456735,0.5514002987521023,5.530043287007115,0.55,1029.0031165031005,0.5486788356044157,0.016661914653675794
OBM_RR,2.0,300000,1450,0.7816049450665024,0.0191059337087926,0.7818914846007848,5.530043287007115,0.575,1410.4078661871597,0.5771951825077468,0.027684627072576358
OBM_RR,2.0,300000,1842,1.0021453035249708,0.019354340499663,1.002606218210636,5.530043287007115,0.6,1933.1820449317622,0.5961689497100533,0.048315435367750396
OBM_RR,2.0,300000,2639,1.4889274710998168,0.0011798171070216,1.4901678857028298,5.530043287007115,0.625,2649.7248834477414,0.6246784088031242,0.004055759520637158
OBM_RR,2.0,300000,3779,2.2047258690294544,-0.043809888739271,2.204643765816287,5.530043287007115,0.65,3631.857628912531,0.6531491134753263,0.03971516348456896
OBM_RR,2.0,300000,4802,2.804680707309829,-0.0887100075430931,2.7991438617563302,5.530043287007115,0.675,4978.022404925004,0.6721454546124407,0.03600020692468025
OBM_RR,2.0,300000,6877,3.947732626627835,-0.1770299488584168,3.919659406673917,5.530043287007115,0.7,6823.149362095244,0.7006233468056448,0.007861361772999929
OBM_RR,2.0,300000,9850,5.260281623598191,-0.3312811815146173,5.154830094117568,5.530043287007115,0.725,9352.18113349616,0.7291122552849177,0.05186186277833974
OBM_RR,2.0,300000,12515,6.480424354921305,-0.5010334928487348,6.234585281699853,5.530043287007115,0.75,12818.610191887023,0.7480993506239187,0.02397011136287902
OBM_RR,2.0,1000000,9,23.469962161642773,-4.844568472372653,0.0001185769497998,5.530043287007115,0.15,7.943282347242814,0.1590404182398875,0.12489799364157832
OBM_RR,2.0,1000000,11,22.193234046400114,-4.710950872865768,0.0001760665675176,5.530043287007115,0.175,11.220184543019633,0.17356544752637085,0.01981907484537731
OBM_RR,2.0,1000000,15,19.895924776779022,-4.460448662211141,0.0003227775391452,5.530043287007115,0.2,15.848931924611136,0.19601520984261356,0.055051910490644874
OBM_RR,2.0,1000000,22,16.551889869266482,-4.06831870222883,0.0006733675011883,5.530043287007115,0.225,22.387211385683397,0.22373711347036773,0.017447422183645853
OBM_RR,2.0,1000000,33,12.58085906597683,-3.5467492488813037,0.0014300232227597,5.530043287007115,0.25,31.622776601683793,0.2530856566463146,0.04262992197541174
OBM_RR,2.0,1000000,43,9.924659486996132,-3.1499790868379414,0.0022931504384382,5.530043287007115,0.275,44.668359215096324,0.27224474259659776,0.03806528774661319
OBM_RR,2.0,1000000,64,6.2019329162498,-2.489462358152181,0.004513845130793,5.530043287007115,0.3,63.095734448019314,0.3010299956639812,0.01422991597038981
OBM_RR,2.0,1000000,84,4.067683358616824,-2.015117967539256,0.0069887594835195,5.530043287007115,0.325,89.12509381337456,0.3207132143436469,0.05922413249507562
OBM_RR,2.0,1000000,124,1.8469349433130724,-1.354366420724145,0.0126370726217914,5.530043287007115,0.35,125.89254117941668,0.34890361419370586,0.015147129682458776
OBM_RR,2.0,1000000,184,0.6263289963966782,-0.7773040640597895,0.0221458432621977,5.530043287007115,0.375,177.82794100389228,0.3774696371682561,0.0341192983723828
OBM_RR,2.0,1000000,240,0.2567131534582618,-0.4747559229959206,0.0313460887792027,5.530043287007115,0.4,251.1886431509581,0.396701873618601,0.04556529984371869
OBM_RR,2.0,1000000,356,0.0811446571881763,-0.1750538666015728,0.0505429200760785,5.530043287007115,0.425,354.8133892335754,0.42524166632881255,0.003338743717214201
OBM_RR,2.0,1000000,528,0.0783612194237127,-0.0302816171493116,0.077508833781353,5.530043287007115,0.45,501.18723362727235,0.45377232042230203,0.05211653262233804
OBM_RR,2.0,1000000,686,0.1027814927007075,0.0060278057012563,0.1028308506346643,5.530043287007115,0.475,707.9457843841377,0.47272068595112526,0.031489887307144734
OBM_RR,2.0,1000000,1017,0.1565473401964789,0.0190391114577996,0.1563151150272325,5.530043287007115,0.5,1000.0,0.5012201588204575,0.016857117066422806
OBM_RR,2.0,1000000,1508,0.2365382188021342,0.0152382847686167,0.2365030993956077,5.530043287007115,0.525,1412.5375446227547,0.5297335569222926,0.0653965056366573
OBM_RR,2.0,1000000,1960,0.3098555617228903,0.0064030845216063,0.3100729563618009,5.530043287007115,0.55,1995.262314968881,0.5487093452260794,0.017831054655788534
OBM_RR,2.0,1000000,2905,0.4572774993963133,-0.0120071860140882,0.4575145890378678,5.530043287007115,0.575,2818.382931264452,0.5771910227877249,0.03027009845655459
OBM_RR,2.0,1000000,3777,0.5766721508225614,-0.0269195169692615,0.5764278469678429,5.530043287007115,0.6,3981.0717055349714,0.5961911641379208,0.05262101206610732
OBM_RR,2.0,1000000,5598,0.866343888319814,-0.0571952124729806,0.8637924230091589,5.530043287007115,0.625,5623.413251903491,0.6246721490216905,0.0045294286522725566
OBM_RR,2.0,1000000,8298,1.299365197219246,-0.0973025063883907,1.2909732304951955,5.530043287007115,0.65,7943.282347242817,0.6531622384154924,0.043687938216034866
OBM_RR,2.0,1000000,10787,1.727284018110221,-0.14427116841241,1.707893092318738,5.530043287007115,0.675,11220.18454301964,0.6721501131221128,0.039372642250456565
OBM_RR,2.0,1000000,15988,2.6649056726257534,-0.2467576854644813,2.6061881407405827,5.530043287007115,0.7,15848.931924611124,0.7006323565980113,0.008736329256222843
OBM_RR,2.0,1000000,23696,3.994099842765092,-0.3696132479231133,3.860703142343439,5.530043287007115,0.725,22387.21138568339,0.7291125068628556,0.05681638198348153
OBM_RR,2.0,1000000,30804,5.12037371365451,-0.4824555785280191,4.891686734013384,5.530043287007115,0.75,31622.776601683792,0.7481011857865114,0.02623308781406487
OBM_RR,3.0,10000,5,10.453533346835446,-3.228161854324378,0.0325314987026903,5.530043287007115,0.15,3.9810717055349722,0.1747425010840047,0.22788685663767297
OBM_RR,3.0,10000,5,10.453533346835446,-3.228161854324378,0.0325314987026903,5.530043287007115,0.175,5.011872336272722,0.1747425010840047,0.002371652661731426
OBM_RR,3.0,10000,6,8.511956411428649,-2.909740898021069,0.0454021529396429,5.530043287007115,0.2,6.309573444801933,0.19453781259591088,0.050308605167181636
OBM_RR,3.0,10000,8,5.700964361804191,-2.37182763942186,0.0754608947576851,5.530043287007115,0.225,7.943282347242816,0.22577249674798586,0.007114957985194649
OBM_RR,3.0,10000,10,3.878093231907156,-1.941201366355485,0.1099220889075114,5.530043287007115,0.25,10.0,0.25,0.0
OBM_RR,3.0,10000,13,2.2612541895942466,-1.4471455000955933,0.1671633939756354,5.530043287007115,0.275,12.589254117941675,0.2784858380767092,0.032105755168086385
OBM_RR,3.0,10000,16,1.4096571517251424,-1.0868941273935464,0.2285087315054855,5.530043287007115,0.3,15.848931924611133,0.30102999566398114,0.009486610646926505
OBM_RR,3.0,10000,20,0.8753700699319314,-0.7492819651130711,0.3142084470607778,5.530043287007115,0.325,19.952623149688797,0.32525749891599526,0.002371652661731522
OBM_RR,3.0,10000,24,0.6732554322519707,-0.5207722328411952,0.4023870362838035,5.530043287007115,0.35,25.118864315095795,0.3450528104279015,0.04556529984371811
OBM_RR,3.0,10000,32,0.6421904486988375,-0.2561678259346553,0.5770493681281897,5.530043287007115,0.375,31.622776601683793,0.37628749457997646,0.011858263308657958
OBM_RR,3.0,10000,38,0.7274896190068929,-0.1542449063279667,0.7042850320721631,5.530043287007115,0.4,39.810717055349734,0.3949458991542025,0.04654998906408755
OBM_RR,3.0,10000,50,0.958901270693406,-0.0674345041908743,0.955149816518369,5.530043287007115,0.425,50.11872336272722,0.42474250108400463,0.002371652661731537
OBM_RR,3.0,10000,65,1.280060825685064,-0.0518957517289964,1.278433017485451,5.530043287007115,0.45,63.09573444801933,0.4532283391607138,0.02973410250635483
OBM_RR,3.0,10000,77,1.549764061927184,-0.0640144219093485,1.5469553451691034,5.530043287007115,0.475,79.43282347242814,0.47162268129312046,0.031106254835002824
OBM_RR,3.0,10000,101,2.1029289280077976,-0.1035967217594251,2.0939415985806487,5.530043287007115,0.5,100.0,0.5010803434456607,0.009950330853168092
OBM_RR,3.0,10000,131,2.7904647977850745,-0.1514023769102035,2.7698503266565626,5.530043287007115,0.525,125.89254117941675,0.529317823913941,0.03976862791365542
OBM_RR,3.0,10000,156,3.3369699494673,-0.1841053089702544,3.305830043045471,5.530043287007115,0.55,158.48931924611142,0.5482811495886154,0.015831197337363923
OBM_RR,3.0,10000,203,4.314161897241629,-0.2566099917155338,4.251856423079281,5.530043287007115,0.575,199.52623149688787,0.5768740094783031,0.017260265155482617
OBM_RR,3.0,10000,242,5.081304537494131,-0.3263397724441752,4.978956020432242,5.530043287007115,0.6,251.18864315095797,0.5959538414951078,0.03726649702902315
OBM_RR,3.0,10000,315,6.458052401151988,-0.4825789871319719,6.23036189057281,5.530043287007115,0.625,316.22776601683796,0.6245776384474001,0.003890093659481259
OBM_RR,3.0,10000,409,8.474567978023565,-0.7182170468709455,7.965370059990869,5.530043287007115,0.65,398.1071705534973,0.6529308270018355,0.02699391425828277
OBM_RR,3.0,10000,488,10.26215369740013,-0.9498912627166858,9.36766667531072,5.530043287007115,0.675,501.18723362727246,0.6721049555006776,0.026664345230776473
OBM_RR,3.0,10000,634,13.026793537091836,-1.3540701313205954,11.202623135837127,5.530043287007115,0.7,630.957344480193,0.7005223144704331,0.004810694053898292
OBM_RR,3.0,10000,825,16.063294202426725,-1.8443361360430852,12.672278651922324,5.530043287007115,0.725,794.3282347242813,0.7291134871374811,0.03788661665194867
OBM_RR,3.0,10000,982,17.927879688040512,-2.224308721453573,12.991156363342196,5.530043287007115,0.75,1000.0,0.7480278719467374,0.01816397062767118
OBM_RR,3.0,30000,5,12.70360661717681,-3.5629716078950597,0.0088473112699016,5.530043287007115,0.15,4.694271328870265,0.15612040964921,0.06309501333745664
OBM_RR,3.0,30000,6,10.721462322586431,-3.2724627188017665,0.0124604603559475,5.530043287007115,0.175,6.074299753156561,0.17380615938497024,0.012307246384696045
OBM_RR,3.0,30000,8,7.68065634431223,-2.7675938967204616,0.021097948771858,5.530043287007115,0.2,7.860030855966229,0.2017122020181897,0.01765100955097741
OBM_RR,3.0,30000,10,5.544604200866384,-2.348047778082707,0.031301917638613,5.530043287007115,0.225,10.170733675867188,0.22335781032193994,0.016929255650920155
OBM_RR,3.0,30000,13,3.451749190904211,-1.8447018007498144,0.0488651781964344,5.530043287007115,0.25,13.160740129524925,0.24880794799393632,0.012288807699536324
OBM_RR,3.0,30000,18,1.6410079259659751,-1.248574629529606,0.082137768601484,5.530043287007115,0.275,17.029752845447483,0.28037491809721055,0.05540977621898399
OBM_RR,3.0,30000,22,0.9591915152484716,-0.9209940212341036,0.1110540731604752,5.530043287007115,0.3,22.036183309053403,0.29984059051495643,0.0016433448349718553
OBM_RR,3.0,30000,30,0.42936279845975,-0.5070265375514467,0.1724305808290328,5.530043287007115,0.325,28.514411174206582,0.3299265690341803,0.05078776695276017
OBM_RR,3.0,30000,36,0.325000953744169,-0.3246536900093799,0.2197840887147244,5.530043287007115,0.35,36.89711749119786,0.3476123187699405,0.024614492769392045
OBM_RR,3.0,30000,49,0.3343182571177286,-0.1169730239152837,0.3209029879504685,5.530043287007115,0.375,47.74418348819862,0.37751849544989513,0.02596305036901687
OBM_RR,3.0,30000,59,0.3957667013221826,-0.0452826929020471,0.3940445495036411,5.530043287007115,0.4,61.78008505674121,0.3955336277245918,0.0460436203519978
OBM_RR,3.0,30000,80,0.5382274736873307,0.0084451254203195,0.5386049910364962,5.530043287007115,0.425,79.94228052013091,0.4250700123401296,0.0007217539000573804
OBM_RR,3.0,30000,107,0.7079456354856245,0.0116993864337429,0.7083990924197149,5.530043287007115,0.45,103.44382350541889,0.4532787168866349,0.03380013717197439
OBM_RR,3.0,30000,130,0.8536926833188341,-0.0048766928023127,0.8543808852571934,5.530043287007115,0.475,133.85438283469583,0.4721657583158762,0.02921806335045631
OBM_RR,3.0,30000,175,1.1339541598911955,-0.0463258364928433,1.1327520367950965,5.530043287007115,0.5,173.20508075688772,0.5010000670233676,0.010309643601367893
OBM_RR,3.0,30000,235,1.519742441808397,-0.0886045960402892,1.5131526278921772,5.530043287007115,0.525,224.12415166897196,0.529596525841738,0.04738536730590521
OBM_RR,3.0,30000,286,1.8312242973205617,-0.133234122461741,1.8149854538105872,5.530043287007115,0.55,290.0124819770266,0.5486485385088927,0.013932152534508618
OBM_RR,3.0,30000,383,2.4551392093240825,-0.2112243461474721,2.412533929860206,5.530043287007115,0.575,375.27075541015427,0.5769776217799514,0.020387209310178317
OBM_RR,3.0,30000,466,3.0047848691001957,-0.2766604625052062,2.930686095999934,5.530043287007115,0.6,485.59337483020374,0.5960048354457808,0.04118596226092943
OBM_RR,3.0,30000,626,4.111055670022152,-0.4084979653733427,3.947474644511752,5.530043287007115,0.625,628.3487915845369,0.6246367194684207,0.003745041802584352
OBM_RR,3.0,30000,840,5.579166743505303,-0.5965070803708423,5.227702465293835,5.530043287007115,0.65,813.0716446117171,0.6531606181045876,0.03258266241856901
OBM_RR,3.0,30000,1021,6.817241232233897,-0.7368086212107912,6.279587277341136,5.530043287007115,0.675,1052.099579287026,0.6720894009548826,0.030005227770232235
OBM_RR,3.0,30000,1370,9.116886790466552,-0.9911536961968288,8.14128554560325,5.530043287007115,0.7,1361.3972791592591,0.7006110374718485,0.006299156371166344
OBM_RR,3.0,30000,1837,11.89204785043445,-1.3441155218370475,10.093812825078736,5.530043287007115,0.725,1761.6227476853735,0.72906427380426,0.041898406248013775
OBM_RR,3.0,30000,2235,14.335944709477378,-1.6188833349910443,11.724932234027335,5.530043287007115,0.75,2279.5070569547775,0.7480872946957234,0.019717988435550022
OBM_RR,3.0,100000,6,15.0069182026063,-3.873553971099421,0.0024999188519155,5.530043287007115,0.15,5.62341325190349,0.15563025007672873,0.06482064948252075
OBM_RR,3.0,100000,8,11.972616163761444,-3.4595244567963714,0.0043102884962963,5.530043287007115,0.175,7.498942093324557,0.18061799739838869,0.06467958531004617
OBM_RR,3.0,100000,10,9.599329434302602,-3.097229481882265,0.0065043911879044,5.530043287007115,0.2,10.000000000000002,0.2,2.2204460492503136e-16
OBM_RR,3.0,100000,13,6.951195420300794,-2.634542462348938,0.0103900927918491,5.530043287007115,0.225,13.335214321633241,0.22278867046136736,0.02545887215676478
OBM_RR,3.0,100000,18,4.144524196871278,-2.0313619352423675,0.0181079748987414,5.530043287007115,0.25,17.78279410038923,0.2510545010206612,0.012140391653607661
OBM_RR,3.0,100000,23,2.5307891824695297,-1.5823571138114416,0.0269576115161182,5.530043287007115,0.275,23.71373705661656,0.27234556720351855,0.03056028693766334
OBM_RR,3.0,100000,32,1.1053101099453555,-1.0298414069527162,0.044774098219521,5.530043287007115,0.3,31.62277660168379,0.3010299956639812,0.011858263308658178
OBM_RR,3.0,100000,44,0.4277481026229249,-0.5977815854038164,0.0704639987740032,5.530043287007115,0.325,42.16965034285823,0.32869053529723746,0.042488857802936694
OBM_RR,3.0,100000,55,0.23057729071486,-0.369148017683945,0.0943856864936183,5.530043287007115,0.35,56.234132519034894,0.3480725378988488,0.022190727507108803
OBM_RR,3.0,100000,77,0.1596987420918443,-0.1388415567649508,0.140538879940213,5.530043287007115,0.375,74.98942093324558,0.3772981450344964,0.026458372489848083
OBM_RR,3.0,100000,96,0.1798894878921082,-0.051619079567569,0.17737276915767,5.530043287007115,0.4,100.00000000000003,0.3964542466079137,0.040821994520255395
OBM_RR,3.0,100000,133,0.2482815267560355,0.0080915526335063,0.2484230727593142,5.530043287007115,0.425,133.3521432163324,0.42477032819341715,0.0026441943905932573
OBM_RR,3.0,100000,185,0.348803645927719,0.0201953355347681,0.3486863663222924,5.530043287007115,0.45,177.8279410038923,0.4534343456806027,0.03953936584172182
OBM_RR,3.0,100000,231,0.4404459958370438,0.0079601299966354,0.4407499237706226,5.530043287007115,0.475,237.13737056616546,0.4727223959784288,0.026221885339064725
OBM_RR,3.0,100000,320,0.6233973850977396,-0.0253230253619447,0.6232755257557209,5.530043287007115,0.5,316.22776601683796,0.5010299956639812,0.011858263308657958
OBM_RR,3.0,100000,445,0.8815375251402734,-0.0767761130928059,0.8763732646525111,5.530043287007115,0.525,421.69650342858233,0.5296720021961863,0.053788413056870044
OBM_RR,3.0,100000,554,1.0967553735909406,-0.1212962490617028,1.082945047760969,5.530043287007115,0.55,562.3413251903494,0.5487019529456859,0.014944318986342313
OBM_RR,3.0,100000,769,1.529250601461962,-0.1935053300058182,1.4930504974691925,5.530043287007115,0.575,749.8942093324555,0.5771852679602862,0.025158827147763026
OBM_RR,3.0,100000,957,1.9655819705080608,-0.2588014495075521,1.9001872696322104,5.530043287007115,0.6,999.9999999999998,0.5961823875553687,0.043951887529182596
OBM_RR,3.0,100000,1328,2.817643236254832,-0.3755915571886499,2.678806557221121,5.530043287007115,0.625,1333.521432163324,0.6246396150063998,0.004149085570013683
OBM_RR,3.0,100000,1844,3.926205646682014,-0.5211721593919281,3.6576332546689936,5.530043287007115,0.65,1778.2794100389233,0.6531521833435221,0.03629085188589039
OBM_RR,3.0,100000,2294,4.864155847597495,-0.6372488516289767,4.4617879052827805,5.530043287007115,0.675,2371.3737056616565,0.6721186827130498,0.03317239116558865
OBM_RR,3.0,100000,3185,6.547814648040445,-0.8251919056122698,5.87176610537358,5.530043287007115,0.7,3162.2776601683777,0.7006218873342739,0.007159742527104323
OBM_RR,3.0,100000,4421,8.75991811142391,-1.093528011060111,7.57042328652293,5.530043287007115,0.725,4216.965034285821,0.7291041029811747,0.04725023172282791
OBM_RR,3.0,100000,5501,10.610144607212128,-1.3462710251477787,8.805036464446715,5.530043287007115,0.75,5623.413251903491,0.7480883289899533,0.022008925852213278
OBM_RR,3.0,300000,7,18.397579965552115,-4.289143030304207,0.0008327250825313,5.530043287007115,0.15,6.630834496675398,0.15429602535931292,0.054179486009562565
OBM_RR,3.0,300000,9,16.047275531708046,-4.0057369124939495,0.0013484432942299,5.530043287007115,0.175,9.088583876478463,0.17422336754313217,0.009794529550489707
OBM_RR,3.0,300000,12,13.149164313259147,-3.625858692388599,0.0023149852435558,5.530043287007115,0.2,12.457309396155175,0.1970343901219439,0.0374009009396674
OBM_RR,3.0,300000,17,9.563085391399206,-3.0917207900978165,0.0043515737876269,5.530043287007115,0.225,17.074668562300275,0.22465248880842104,0.004382650512410136
OBM_RR,3.0,300000,24,6.2692405769366975,-2.502271502360628,0.0078844758070906,5.530043287007115,0.25,23.40347319320716,0.2519957432971328,0.025169391938361145
OBM_RR,3.0,300000,31,4.203106515473987,-2.047227039746008,0.0119779448274772,5.530043287007115,0.275,32.07807844156349,0.2722893331143909,0.034185677765396966
OBM_RR,3.0,300000,45,1.9921619836472508,-1.4039335794506922,0.0211501132323784,5.530043287007115,0.3,43.967966122300474,0.30183967761363,0.023201163678818436
OBM_RR,3.0,300000,57,1.1013891453875455,-1.0353097368829856,0.02954751703369,5.530043287007115,0.325,60.26489549408122,0.320583528100541,0.05569850209790989
OBM_RR,3.0,300000,81,0.3848861972109998,-0.5818410273388066,0.0463858710088297,5.530043287007115,0.35,82.60235687978427,0.34844673508626434,0.019589059100979238
OBM_RR,3.0,300000,117,0.135786592558053,-0.2536953561541279,0.0714848295151459,5.530043287007115,0.375,113.21930132219957,0.3776045417953813,0.032847277183379285
OBM_RR,3.0,300000,149,0.1081587005101319,-0.1181714653401888,0.0942727659277575,5.530043287007115,0.4,155.184557391536,0.3967752706843269,0.04066879550987638
OBM_RR,3.0,300000,213,0.1405864486871692,-0.0078001894810357,0.1406428080712886,5.530043287007115,0.425,212.7044291173785,0.42511010714476366,0.0013886204131314062
OBM_RR,3.0,300000,305,0.2084369807400335,0.0332645355451139,0.2075033708907437,5.530043287007115,0.45,291.5443065124053,0.4535776594695713,0.0451197874701593
OBM_RR,3.0,300000,388,0.2663080353561677,0.0369008027823225,0.2651673388925983,5.530043287007115,0.475,399.60654798069135,0.47266284699528943,0.02947509335493688
OBM_RR,3.0,300000,556,0.3828705641914016,0.0289607372412934,0.3823504652775737,5.530043287007115,0.5,547.7225575051662,0.5011893408816928,0.014999417431413222
OBM_RR,3.0,300000,797,0.5404216901686266,0.0205539265264027,0.5404496009404243,5.530043287007115,0.525,750.7384488967276,0.529741480325255,0.05979735813008719
OBM_RR,3.0,300000,1012,0.6830018403037479,0.0194660909953521,0.6831922384705007,5.530043287007115,0.55,1029.0031165031005,0.5486788356044157,0.016661914653675794
OBM_RR,3.0,300000,1450,0.9866688385406917,0.0135465209872549,0.9873080870490408,5.530043287007115,0.575,1410.4078661871597,0.5771951825077468,0.027684627072576358
OBM_RR,3.0,300000,1842,1.2902700098497353,0.0030592135829445,1.2913367650328498,5.530043287007115,0.6,1933.1820449317622,0.5961689497100533,0.048315435367750396
OBM_RR,3.0,300000,2639,1.904348668074744,-0.0345515036183599,1.904742146794784,5.530043287007115,0.625,2649.7248834477414,0.6246784088031242,0.004055759520637158
OBM_RR,3.0,300000,3779,2.757049035215443,-0.0953921664302104,2.750241237497108,5.530043287007115,0.65,3631.857628912531,0.6531491134753263,0.03971516348456896
OBM_RR,3.0,300000,4802,3.432643677741007,-0.1566827642098172,3.410936636337526,5.530043287007115,0.675,4978.022404925004,0.6721454546124407,0.03600020692468025
OBM_RR,3.0,300000,6877,4.606831231797293,-0.3022230840213593,4.519258488021929,5.530043287007115,0.7,6823.149362095244,0.7006233468056448,0.007861361772999929
OBM_RR,3.0,300000,9850,6.330002288765933,-0.5494186311495524,6.033169097426205,5.530043287007115,0.725,9352.18113349616,0.7291122552849177,0.05186186277833974
OBM_RR,3.0,300000,12515,7.772776016813217,-0.7886181512257888,7.156821446242305,5.530043287007115,0.75,12818.610191887023,0.7480993506239187,0.02397011136287902
OBM_RR,3.0,1000000,9,21.63076025694903,-4.65086574075017,0.0002082920420986,5.530043287007115,0.15,7.943282347242814,0.1590404182398875,0.12489799364157832
OBM_RR,3.0,1000000,11,20.13126957264547,-4.486754056023601,0.0003078699595373,5.530043287007115,0.175,11.220184543019633,0.17356544752637085,0.01981907484537731
OBM_RR,3.0,1000000,15,17.512485990318375,-4.184725559060966,0.0005584510361259,5.530043287007115,0.2,15.848931924611136,0.19601520984261356,0.055051910490644874
OBM_RR,3.0,1000000,22,13.88199050696804,-3.725701246456336,0.0011416805221811,5.530043287007115,0.225,22.387211385683397,0.22373711347036773,0.017447422183645853
OBM_RR,3.0,1000000,33,9.85832055405827,-3.1394218065592496,0.0023532355881837,5.530043287007115,0.25,31.622776601683793,0.2530856566463146,0.04262992197541174
OBM_RR,3.0,1000000,43,7.355039765317897,-2.711337156057515,0.0036936695578068,5.530043287007115,0.275,44.668359215096324,0.27224474259659776,0.03806528774661319
OBM_RR,3.0,1000000,64,4.141758598853596,-2.0334121371072733,0.0069995124454665,5.530043287007115,0.3,63.095734448019314,0.3010299956639812,0.01422991597038981
OBM_RR,3.0,1000000,84,2.4912523764255923,-1.5750132503469143,0.0105944663792243,5.530043287007115,0.325,89.12509381337456,0.3207132143436469,0.05922413249507562
OBM_RR,3.0,1000000,124,0.9798782388026892,-0.9805044666023583,0.0185046503174443,5.530043287007115,0.35,125.89254117941668,0.34890361419370586,0.015147129682458776
OBM_RR,3.0,1000000,184,0.2918785497442337,-0.510817024517177,0.0309703258124952,5.530043287007115,0.375,177.82794100389228,0.3774696371682561,0.0341192983723828
OBM_RR,3.0,1000000,240,0.1256286884701692,-0.2880496980665787,0.0426916362774865,5.530043287007115,0.4,251.1886431509581,0.396701873618601,0.04556529984371869
OBM_RR,3.0,1000000,356,0.0733470123365814,-0.087834747652459,0.0656868084484507,5.530043287007115,0.425,354.8133892335754,0.42524166632881255,0.003338743717214201
OBM_RR,3.0,1000000,528,0.0997795985159039,-0.0059507723437928,0.0998273763046701,5.530043287007115,0.45,501.18723362727235,0.45377232042230203,0.05211653262233804
OBM_RR,3.0,1000000,686,0.1309725581988111,0.0129655580209542,0.1309135471266219,5.530043287007115,0.475,707.9457843841377,0.47272068595112526,0.031489887307144734
OBM_RR,3.0,1000000,1017,0.1990004853768343,0.0157018075080985,0.1989197050386785,5.530043287007115,0.5,1000.0,0.5012201588204575,0.016857117066422806
OBM_RR,3.0,1000000,1508,0.2972520355658504,0.0044141144320661,0.297480451535911,5.530043287007115,0.525,1412.5375446227547,0.5297335569222926,0.0653965056366573
OBM_RR,3.0,1000000,1960,0.3859433375677805,-0.0058977388284642,0.3862304129219266,5.530043287007115,0.55,1995.262314968881,0.5487093452260794,0.017831054655788534
OBM_RR,3.0,1000000,2905,0.5549163466058187,-0.0292149486702069,0.5545249374945945,5.530043287007115,0.575,2818.382931264452,0.5771910227877249,0.03027009845655459
OBM_RR,3.0,1000000,3777,0.7274551540485956,-0.04784394261599,0.7257709203038065,5.530043287007115,0.6,3981.0717055349714,0.5961911641379208,0.05262101206610732
OBM_RR,3.0,1000000,5598,1.0857416330311809,-0.084476127254768,1.0795050044589327,5.530043287007115,0.625,5623.413251903491,0.6246721490216905,0.0045294286522725566
OBM_RR,3.0,1000000,8298,1.6612748965990447,-0.1575519863306951,1.6378171157987962,5.530043287007115,0.65,7943.282347242817,0.6531622384154924,0.043687938216034866
OBM_RR,3.0,1000000,10787,2.214455150584917,-0.2144700117756457,2.170266319900456,5.530043287007115,0.675,11220.18454301964,0.6721501131221128,0.039372642250456565
OBM_RR,3.0,1000000,15988,3.347359141133813,-0.3311094692350274,3.2404260155296534,5.530043287007115,0.7,15848.931924611124,0.7006323565980113,0.008736329256222843
OBM_RR,3.0,1000000,23696,4.84964344958833,-0.5051043292296056,4.598345020365478,5.530043287007115,0.725,22387.21138568339,0.7291125068628556,0.05681638198348153
OBM_RR,3.0,1000000,30804,6.237016782264118,-0.679240958952251,5.780465556576225,5.530043287007115,0.75,31622.776601683792,0.7481011857865114,0.02623308781406487
OBM_RR,4.0,10000,5,8.228879017320622,-2.8601500986753394,0.048460814380049,5.530043287007115,0.15,3.9810717055349722,0.1747425010840047,0.22788685663767297
OBM_RR,4.0,10000,5,8.228879017320622,-2.8601500986753394,0.048460814380049,5.530043287007115,0.175,5.011872336272722,0.1747425010840047,0.002371652661731426
OBM_RR,4.0,10000,6,6.447124304724805,-2.525945411694108,0.0667797316426615,5.530043287007115,0.2,6.309573444801933,0.19453781259591088,0.050308605167181636
OBM_RR,4.0,10000,8,4.040782953340027,-1.9830452076735685,0.1084049951588859,5.530043287007115,0.225,7.943282347242816,0.22577249674798586,0.007114957985194649
OBM_RR,4.0,10000,10,2.6175988364707066,-1.5694244670111188,0.1546345409350205,5.530043287007115,0.25,10.0,0.25,0.0
OBM_RR,4.0,10000,13,1.483962030542503,-1.1202995158790523,0.2290819268693871,5.530043287007115,0.275,12.589254117941675,0.2784858380767092,0.032105755168086385
OBM_RR,4.0,10000,16,0.9648954823928282,-0.8111033887337022,0.3072628275338098,5.530043287007115,0.3,15.848931924611133,0.30102999566398114,0.009486610646926505
OBM_RR,4.0,10000,20,0.7014240481473004,-0.5367590574628682,0.4136584777770213,5.530043287007115,0.325,19.952623149688797,0.32525749891599526,0.002371652661731522
OBM_RR,4.0,10000,24,0.6490222993453689,-0.3616469946282477,0.5186659722652794,5.530043287007115,0.35,25.118864315095795,0.3450528104279015,0.04556529984371811
OBM_RR,4.0,10000,32,0.7527779809810017,-0.1760965524915096,0.7223699601483974,5.530043287007115,0.375,31.622776601683793,0.37628749457997646,0.011858263308657958
OBM_RR,4.0,10000,38,0.8858003521550843,-0.1133188312119148,0.873687267370659,5.530043287007115,0.4,39.810717055349734,0.3949458991542025,0.04654998906408755
OBM_RR,4.0,10000,50,1.187363938249962,-0.0721091478721351,1.1831501675160463,5.530043287007115,0.425,50.11872336272722,0.42474250108400463,0.002371652661731537
OBM_RR,4.0,10000,65,1.5879701716237695,-0.0791550041937076,1.5830238434710897,5.530043287007115,0.45,63.09573444801933,0.4532283391607138,0.02973410250635483
OBM_RR,4.0,10000,77,1.9165978963583497,-0.0977119134918842,1.90864081233038,5.530043287007115,0.475,79.43282347242814,0.47162268129312046,0.031106254835002824
OBM_RR,4.0,10000,101,2.5724809522280743,-0.1411739681850399,2.5546797627372446,5.530043287007115,0.5,100.0,0.5010803434456607,0.009950330853168092
OBM_RR,4.0,10000,131,3.353819380509286,-0.1924542766041188,3.319547021110329,5.530043287007115,0.525,125.89254117941675,0.529317823913941,0.03976862791365542
OBM_RR,4.0,10000,156,3.9663304672262463,-0.2456081099545022,3.909264844254368,5.530043287007115,0.55,158.48931924611142,0.5482811495886154,0.015831197337363923
OBM_RR,4.0,10000,203,5.066929762191207,-0.3567704740012907,4.94376439473438,5.530043287007115,0.575,199.52623149688787,0.5768740094783031,0.017260265155482617
OBM_RR,4.0,10000,242,5.952289525980276,-0.4635395831889424,5.742205752257512,5.530043287007115,0.6,251.18864315095797,0.5959538414951078,0.03726649702902315
OBM_RR,4.0,10000,315,7.802074890464975,-0.690629792921932,7.331214725197916,5.530043287007115,0.625,316.22776601683796,0.6245776384474001,0.003890093659481259
OBM_RR,4.0,10000,409,10.154587699292875,-1.0204615743685643,9.120846580013454,5.530043287007115,0.65,398.1071705534973,0.6529308270018355,0.02699391425828277
OBM_RR,4.0,10000,488,11.86005391613218,-1.2881419937970326,10.209251829806956,5.530043287007115,0.675,501.18723362727246,0.6721049555006776,0.026664345230776473
OBM_RR,4.0,10000,634,14.566684906828316,-1.7485113456946126,11.518992140922965,5.530043287007115,0.7,630.957344480193,0.7005223144704331,0.004810694053898292
OBM_RR,4.0,10000,825,17.160533068742627,-2.336503637004108,11.71104302553048,5.530043287007115,0.725,794.3282347242813,0.7291134871374811,0.03788661665194867
OBM_RR,4.0,10000,982,18.30960799356908,-2.7845523988958263,10.564679831231942,5.530043287007115,0.75,1000.0,0.7480278719467374,0.01816397062767118
OBM_RR,4.0,30000,5,10.39817554037378,-3.2225496435717678,0.0133604688132645,5.530043287007115,0.15,4.694271328870265,0.15612040964921,0.06309501333745664
OBM_RR,4.0,30000,6,8.480065483734519,-2.9088565677552145,0.0186344806957838,5.530043287007115,0.175,6.074299753156561,0.17380615938497024,0.012307246384696045
OBM_RR,4.0,30000,8,5.703639385488184,-2.381740747843179,0.030976209059147,5.530043287007115,0.2,7.860030855966229,0.2017122020181897,0.01765100955097741
OBM_RR,4.0,30000,10,3.893996622288805,-1.9618484499784423,0.0451849357190883,5.530043287007115,0.225,10.170733675867188,0.22335781032193994,0.016929255650920155
OBM_RR,4.0,30000,13,2.2625101316732827,-1.48110330358592,0.0689005529075783,5.530043287007115,0.25,13.160740129524925,0.24880794799393632,0.012288807699536324
OBM_RR,4.0,30000,18,1.0088308241751165,-0.9468283314610906,0.1124406354472618,5.530043287007115,0.275,17.029752845447483,0.28037491809721055,0.05540977621898399
OBM_RR,4.0,30000,22,0.6001224670204365,-0.6714545077230047,0.1493958075852149,5.530043287007115,0.3,22.036183309053403,0.29984059051495643,0.0016433448349718553
OBM_RR,4.0,30000,30,0.3443058630485989,-0.3455476381061437,0.2250902680712574,5.530043287007115,0.325,28.514411174206582,0.3299265690341803,0.05078776695276017
OBM_RR,4.0,30000,36,0.3251529335056929,-0.2106463076172948,0.2810152459645296,5.530043287007115,0.35,36.89711749119786,0.3476123187699405,0.024614492769392045
OBM_RR,4.0,30000,49,0.3992874194259714,-0.0673708962316057,0.3950778132779866,5.530043287007115,0.375,47.74418348819862,0.37751849544989513,0.02596305036901687
OBM_RR,4.0,30000,59,0.4781259282371652,-0.0226067032646968,0.4780132095459554,5.530043287007115,0.4,61.78008505674121,0.3955336277245918,0.0460436203519978
OBM_RR,4.0,30000,80,0.6379432802380615,0.0033000880649494,0.6384644433596248,5.530043287007115,0.425,79.94228052013091,0.4250700123401296,0.0007217539000573804
OBM_RR,4.0,30000,107,0.8417551109685778,-0.0125514469212246,0.8422994883890859,5.530043287007115,0.45,103.44382350541889,0.4532787168866349,0.03380013717197439
OBM_RR,4.0,30000,130,1.014051590195194,-0.0363674961446873,1.01357364011946,5.530043287007115,0.475,133.85438283469583,0.4721657583158762,0.02921806335045631
OBM_RR,4.0,30000,175,1.3617021831371878,-0.0749960514927323,1.3572087827166175,5.530043287007115,0.5,173.20508075688772,0.5010000670233676,0.010309643601367893
OBM_RR,4.0,30000,235,1.8026973581069423,-0.140128780503133,1.784548406653859,5.530043287007115,0.525,224.12415166897196,0.529596525841738,0.04738536730590521
OBM_RR,4.0,30000,286,2.198642760189984,-0.1908706768910448,2.164014490301723,5.530043287007115,0.55,290.0124819770266,0.5486485385088927,0.013932152534508618
OBM_RR,4.0,30000,383,2.971576517690313,-0.2863235557452981,2.8920053435686564,5.530043287007115,0.575,375.27075541015427,0.5769776217799514,0.020387209310178317
OBM_RR,4.0,30000,466,3.6535705791265416,-0.3728150930057952,3.5175107445073777,5.530043287007115,0.6,485.59337483020374,0.5960048354457808,0.04118596226092943
OBM_RR,4.0,30000,626,4.955442661390173,-0.547660581141181,4.6593933770685005,5.530043287007115,0.625,628.3487915845369,0.6246367194684207,0.003745041802584352
OBM_RR,4.0,30000,840,6.702106159708112,-0.750964173918093,6.143278367839494,5.530043287007115,0.65,813.0716446117171,0.6531606181045876,0.03258266241856901
OBM_RR,4.0,30000,1021,8.109721664960075,-0.9174129843293848,7.274136861862146,5.530043287007115,0.675,1052.099579287026,0.6720894009548826,0.030005227770232235
OBM_RR,4.0,30000,1370,10.607042799314986,-1.249102211079017,9.054331742044198,5.530043287007115,0.7,1361.3972791592591,0.7006110374718485,0.006299156371166344
OBM_RR,4.0,30000,1837,13.967248498524652,-1.6609318733637926,11.217902062287468,5.530043287007115,0.725,1761.6227476853735,0.72906427380426,0.041898406248013775
OBM_RR,4.0,30000,2235,16.487467248932802,-2.014305600216587,12.44040720387212,5.530043287007115,0.75,2279.5070569547775,0.7480872946957234,0.019717988435550022
OBM_RR,4.0,100000,6,12.761240869313324,-3.571756572212263,0.0037990240251858,5.530043287007115,0.15,5.62341325190349,0.15563025007672873,0.06482064948252075
OBM_RR,4.0,100000,8,9.728297125377372,-3.1179879030755684,0.0064539399350733,5.530043287007115,0.175,7.498942093324557,0.18061799739838869,0.06467958531004617
OBM_RR,4.0,100000,10,7.479291969934584,-2.7330745649301558,0.0096033952958398,5.530043287007115,0.2,10.000000000000002,0.2,2.2204460492503136e-16
OBM_RR,4.0,100000,13,5.115331814368568,-2.258378904648636,0.0150690949857508,5.530043287007115,0.225,13.335214321633241,0.22278867046136736,0.02545887215676478
OBM_RR,4.0,100000,18,2.8118597437218824,-1.6692089060652382,0.0256227239042931,5.530043287007115,0.25,17.78279410038923,0.2510545010206612,0.012140391653607661
OBM_RR,4.0,100000,23,1.6092928163681934,-1.2537590797473008,0.0374121631219976,5.530043287007115,0.275,23.71373705661656,0.27234556720351855,0.03056028693766334
OBM_RR,4.0,100000,32,0.6573385641013039,-0.7727221729772804,0.0602892485310171,5.530043287007115,0.3,31.62277660168379,0.3010299956639812,0.011858263308658178
OBM_RR,4.0,100000,44,0.2702480986363301,-0.4228976053656561,0.0914819489697987,5.530043287007115,0.325,42.16965034285823,0.32869053529723746,0.042488857802936694
OBM_RR,4.0,100000,55,0.1806916533239046,-0.2480209493740535,0.1192766592115076,5.530043287007115,0.35,56.234132519034894,0.3480725378988488,0.022190727507108803
OBM_RR,4.0,100000,77,0.1775438417910621,-0.0817768565299852,0.1709988865993024,5.530043287007115,0.375,74.98942093324558,0.3772981450344964,0.026458372489848083
OBM_RR,4.0,100000,96,0.2157662810323638,-0.0251218065384577,0.215314604705863,5.530043287007115,0.4,100.00000000000003,0.3964542466079137,0.040821994520255395
OBM_RR,4.0,100000,133,0.3004197720172283,0.0105965788119801,0.3005579494926202,5.530043287007115,0.425,133.3521432163324,0.42477032819341715,0.0026441943905932573
OBM_RR,4.0,100000,185,0.4228559942329631,0.0034739046242009,0.4231965900446622,5.530043287007115,0.45,177.8279410038923,0.4534343456806027,0.03953936584172182
OBM_RR,4.0,100000,231,0.5347839381996996,-0.0153202601979032,0.5349950570413693,5.530043287007115,0.475,237.13737056616546,0.4727223959784288,0.026221885339064725
OBM_RR,4.0,100000,320,0.7545765516233881,-0.0583099520099601,0.7518030036230032,5.530043287007115,0.5,316.22776601683796,0.5010299956639812,0.011858263308657958
OBM_RR,4.0,100000,445,1.04730595547527,-0.1201054479215288,1.0337420885953348,5.530043287007115,0.525,421.69650342858233,0.5296720021961863,0.053788413056870044
OBM_RR,4.0,100000,554,1.3118263717829672,-0.1662337269896543,1.2852637729382117,5.530043287007115,0.55,562.3413251903494,0.5487019529456859,0.014944318986342313
OBM_RR,4.0,100000,769,1.9090697342436591,-0.2583167010174705,1.8438787818706688,5.530043287007115,0.575,749.8942093324555,0.5771852679602862,0.025158827147763026
OBM_RR,4.0,100000,957,2.420371078465263,-0.3329363726158663,2.311450659137266,5.530043287007115,0.6,999.9999999999998,0.5961823875553687,0.043951887529182596
OBM_RR,4.0,100000,1328,3.378680088323159,-0.4671291988401744,3.1631063218489706,5.530043287007115,0.625,1333.521432163324,0.6246396150063998,0.004149085570013683
OBM_RR,4.0,100000,1844,4.643783337860743,-0.6305625947798514,4.249715581576557,5.530043287007115,0.65,1778.2794100389233,0.6531521833435221,0.03629085188589039
OBM_RR,4.0,100000,2294,5.683389027362253,-0.7541404598955941,5.118926966582867,5.530043287007115,0.675,2371.3737056616565,0.6721186827130498,0.03317239116558865
OBM_RR,4.0,100000,3185,7.6380350373010515,-0.9955823623477764,6.652394459132349,5.530043287007115,0.7,3162.2776601683777,0.7006218873342739,0.007159742527104323
OBM_RR,4.0,100000,4421,10.175317796120511,-1.362870044413313,8.324840405165672,5.530043287007115,0.725,4216.965034285821,0.7291041029811747,0.04725023172282791
OBM_RR,4.0,100000,5501,12.218233072246433,-1.6825030424493352,9.395245956025184,5.530043287007115,0.75,5623.413251903491,0.7480883289899533,0.022008925852213278
OBM_RR,4.0,300000,7,16.391437829938127,-4.048476987306774,0.0012729739972615,5.530043287007115,0.15,6.630834496675398,0.15429602535931292,0.054179486009562565
OBM_RR,4.0,300000,9,13.905673608395784,-3.728757656004038,0.0020416525641951,5.530043287007115,0.175,9.088583876478463,0.17422336754313217,0.009794529550489707
OBM_RR,4.0,300000,12,10.96368054713288,-3.310624107906471,0.0034514394809308,5.530043287007115,0.2,12.457309396155175,0.1970343901219439,0.0374009009396674
OBM_RR,4.0,300000,17,7.528943092292327,-2.7427369962598083,0.0063421467623534,5.530043287007115,0.225,17.074668562300275,0.22465248880842104,0.004382650512410136
OBM_RR,4.0,300000,24,4.605389077820435,-2.143410469289483,0.0111899629297805,5.530043287007115,0.25,23.40347319320716,0.2519957432971328,0.025169391938361145
OBM_RR,4.0,300000,31,2.9094889636243524,-1.700848766252514,0.0166162848657087,5.530043287007115,0.275,32.07807844156349,0.2722893331143909,0.034185677765396966
OBM_RR,4.0,300000,45,1.2544321591230785,-1.1073101426716487,0.0283200070654584,5.530043287007115,0.3,43.967966122300474,0.30183967761363,0.023201163678818436
OBM_RR,4.0,300000,57,0.6565338080297349,-0.7861703955483801,0.0385020021948679,5.530043287007115,0.325,60.26489549408122,0.320583528100541,0.05569850209790989
OBM_RR,4.0,300000,81,0.2298537603680575,-0.4137223966569081,0.0587364859441422,5.530043287007115,0.35,82.60235687978427,0.34844673508626434,0.019589059100979238
OBM_RR,4.0,300000,117,0.1163663122312372,-0.1638303660211564,0.0896005905594105,5.530043287007115,0.375,113.21930132219957,0.3776045417953813,0.032847277183379285
OBM_RR,4.0,300000,149,0.1216476063514945,-0.0656955570254043,0.1174295581037028,5.530043287007115,0.4,155.184557391536,0.3967752706843269,0.04066879550987638
OBM_RR,4.0,300000,213,0.1730531492710796,0.0102926561009493,0.1730914533792833,5.530043287007115,0.425,212.7044291173785,0.42511010714476366,0.0013886204131314062
OBM_RR,4.0,300000,305,0.2508538086100613,0.0312054931738208,0.250088432833201,5.530043287007115,0.45,291.5443065124053,0.4535776594695713,0.0451197874701593
OBM_RR,4.0,300000,388,0.3210295211510982,0.0306259631741241,0.3203585369782372,5.530043287007115,0.475,399.60654798069135,0.47266284699528943,0.02947509335493688
OBM_RR,4.0,300000,556,0.4539682582775018,0.0243325760575325,0.4537543126137511,5.530043287007115,0.5,547.7225575051662,0.5011893408816928,0.014999417431413222
OBM_RR,4.0,300000,797,0.6462560124193624,0.0211906163776953,0.6463455915231651,5.530043287007115,0.525,750.7384488967276,0.529741480325255,0.05979735813008719
OBM_RR,4.0,300000,1012,0.82371385802896,0.0170988179726681,0.824108245324001,5.530043287007115,0.55,1029.0031165031005,0.5486788356044157,0.016661914653675794
OBM_RR,4.0,300000,1450,1.2204795491122855,0.0020509079713129,1.221493253933724,5.530043287007115,0.575,1410.4078661871597,0.5771951825077468,0.027684627072576358
OBM_RR,4.0,300000,1842,1.5806571475454272,-0.020167035170898,1.5815684119144384,5.530043287007115,0.6,1933.1820449317622,0.5961689497100533,0.048315435367750396
OBM_RR,4.0,300000,2639,2.2958206698874952,-0.0709036571036509,2.29270392790341,5.530043287007115,0.625,2649.7248834477414,0.6246784088031242,0.004055759520637158
OBM_RR,4.0,300000,3779,3.215607584746119,-0.1544581794343829,3.194412265773413,5.530043287007115,0.65,3631.857628912531,0.6531491134753263,0.03971516348456896
OBM_RR,4.0,300000,4802,3.920604722733658,-0.2405768753068056,3.865949114062991,5.530043287007115,0.675,4978.022404925004,0.6721454546124407,0.03600020692468025
OBM_RR,4.0,300000,6877,5.372536232542858,-0.4510654906721854,5.173387311760653,5.530043287007115,0.7,6823.149362095244,0.7006233468056448,0.007861361772999929
OBM_RR,4.0,300000,9850,7.2802789572373054,-0.7707963663804751,6.691728359111222,5.530043287007115,0.725,9352.18113349616,0.7291122552849177,0.05186186277833974
OBM_RR,4.0,300000,12515,8.909692483114377,-1.052484669487893,7.808475566579489,5.530043287007115,0.75,12818.610191887023,0.7480993506239187,0.02397011136287902
OBM_RR,4.0,1000000,9,19.999247625626296,-4.472016017859399,0.0003206288259403,5.530043287007115,0.15,7.943282347242814,0.1590404182398875,0.12489799364157832
OBM_RR,4.0,1000000,11,18.34052912833864,-4.282529425774476,0.0004712384130518,5.530043287007115,0.175,11.220184543019633,0.17356544752637085,0.01981907484537731
OBM_RR,4.0,1000000,15,15.521020409107123,-3.939565511917972,0.0008446903222181,5.530043287007115,0.2,15.848931924611136,0.19601520984261356,0.055051910490644874
OBM_RR,4.0,1000000,22,11.7794804936217,-3.431878468830989,0.0016920788616842,5.530043287007115,0.225,22.387211385683397,0.22373711347036773,0.017447422183645853
OBM_RR,4.0,1000000,33,7.879176267353472,-2.806381549441292,0.0034017010598495,5.530043287007115,0.25,31.622776601683793,0.2530856566463146,0.04262992197541174
OBM_RR,4.0,1000000,43,5.603281658552788,-2.366020116910253,0.0052348272848539,5.530043287007115,0.275,44.668359215096324,0.27224474259659776,0.03806528774661319
OBM_RR,4.0,1000000,64,2.895633703758436,-1.6988150734120104,0.0096691076963273,5.530043287007115,0.3,63.095734448019314,0.3010299956639812,0.01422991597038981
OBM_RR,4.0,1000000,84,1.6286703717709914,-1.270560778760915,0.0143576439487394,5.530043287007115,0.325,89.12509381337456,0.3207132143436469,0.05922413249507562
OBM_RR,4.0,1000000,124,0.5819342406272092,-0.7467978717842536,0.0242473854802855,5.530043287007115,0.35,125.89254117941668,0.34890361419370586,0.015147129682458776
OBM_RR,4.0,1000000,184,0.171918272150771,-0.3641407214630687,0.0393526009572582,5.530043287007115,0.375,177.82794100389228,0.3774696371682561,0.0341192983723828
OBM_RR,4.0,1000000,240,0.0904375516817124,-0.1940004509408126,0.0528454145619423,5.530043287007115,0.4,251.1886431509581,0.396701873618601,0.04556529984371869
OBM_RR,4.0,1000000,356,0.0830822255896278,-0.0525109611884646,0.0803918177261299,5.530043287007115,0.425,354.8133892335754,0.42524166632881255,0.003338743717214201
OBM_RR,4.0,1000000,528,0.1206097735752033,0.00278500445713,0.1207026028277335,5.530043287007115,0.45,501.18723362727235,0.45377232042230203,0.05211653262233804
OBM_RR,4.0,1000000,686,0.1595249750575853,0.0137703649959686,0.1594682423073859,5.530043287007115,0.475,707.9457843841377,0.47272068595112526,0.031489887307144734
OBM_RR,4.0,1000000,1017,0.239993916057965,0.009340380347834,0.2401067623215241,5.530043287007115,0.5,1000.0,0.5012201588204575,0.016857117066422806
OBM_RR,4.0,1000000,1508,0.3551523369487221,-0.004158898475695,0.3554312332065298,5.530043287007115,0.525,1412.5375446227547,0.5297335569222926,0.0653965056366573
OBM_RR,4.0,1000000,1960,0.4509599873136733,-0.0172832839932333,0.4510371396911584,5.530043287007115,0.55,1995.262314968881,0.5487093452260794,0.017831054655788534
OBM_RR,4.0,1000000,2905,0.6706358259316014,-0.0442939796082688,0.6692315622706225,5.530043287007115,0.575,2818.382931264452,0.5771910227877249,0.03027009845655459
OBM_RR,4.0,1000000,3777,0.8738892774739114,-0.0680617286214708,0.8699818634571831,5.530043287007115,0.6,3981.0717055349714,0.5961911641379208,0.05262101206610732
OBM_RR,4.0,1000000,5598,1.3267537193510643,-0.1216815565422351,1.313041519414702,5.530043287007115,0.625,5623.413251903491,0.6246721490216905,0.0045294286522725566
OBM_RR,4.0,1000000,8298,2.0351098076711067,-0.2043297536933801,1.9950216774912848,5.530043287007115,0.65,7943.282347242817,0.6531622384154924,0.043687938216034866
OBM_RR,4.0,1000000,10787,2.69643035572376,-0.2750457525465277,2.622965994725479,5.530043287007115,0.675,11220.18454301964,0.6721501131221128,0.039372642250456565
OBM_RR,4.0,1000000,15988,3.943699828966137,-0.4177625628585257,3.7723178682635674,5.530043287007115,0.7,15848.931924611124,0.7006323565980113,0.008736329256222843
OBM_RR,4.0,1000000,23696,5.733894260888103,-0.6519976495183988,5.313221010085657,5.530043287007115,0.725,22387.21138568339,0.7291125068628556,0.05681638198348153
OBM_RR,4.0,1000000,30804,7.450476521447335,-0.8419357507619445,6.747243415882824,5.530043287007115,0.75,31622.776601683792,0.7481011857865114,0.02623308781406487
