scenario,eig_min,eig_max,noise_target,T,eta,b_n,estimator,T_eff,n_problems,sigma_true_median,l2_median_x1e3,width_median_x1e3,coverage_median_pct,coverage_mean_pct,rel_bias_raw_median,rel_bias_raw_mean,rel_bias_used_median,mse_raw_mean,mse_used_mean,negative_rate_mean,clamped_rate_mean,diverged_total,max_a_norm_median,max_rho_median,warn_unstable_rate,warn_assumption_rate,width_ratio_to_oracle
baseline,0.25,0.6,0.35,100000,0.4,100,OBM,99000,100,1.9166471869362713,9.388474294298888,14.43540165546263,89.0,89.53,-0.2980337155887338,-0.2949401598422425,-0.2980337155887338,0.6914539221523764,0.6914539221523764,0.0,0.0,0,0.7703926078718233,0.9723602790180893,0.0,0.0,0.8369581430893749
baseline,0.25,0.6,0.35,100000,0.4,100,OBM_RR,99000,100,1.9166471869362713,9.388474294298888,17.123482093690356,95.0,94.52,-0.009852954778077974,-0.010295495351336363,-0.009852954778077974,0.03205093864556861,0.03205093864556861,0.0,0.0,0,0.7703926078718233,0.9723602790180893,0.0,0.0,0.9928118467653358
baseline,0.25,0.6,0.35,100000,0.5,316,OBM,99000,100,1.9166471869362713,9.388474294298888,16.345913486278576,93.5,93.31,-0.09677781877714266,-0.09697077136097786,-0.09677781877714266,0.10037683817303986,0.10037683817303986,0.0,0.0,0,0.7703926078718233,0.9723602790180893,0.0,0.0,0.9477287660643786
baseline,0.25,0.6,0.35,100000,0.5,316,OBM_RR,99000,100,1.9166471869362713,9.388474294298888,17.089828966986804,95.0,94.53,-0.004822767948609644,-0.005466669097913293,-0.004822767948609644,0.10813339468209592,0.10813339468209592,0.0,0.0,0,0.7703926078718233,0.9723602790180893,0.0,0.0,0.9908606535039902
baseline,0.25,0.6,0.35,100000,0.6,999,OBM,99000,100,1.9166471869362713,9.388474294298888,16.865102360786153,94.0,94.07,-0.03857257283181094,-0.03757960612445111,-0.03857257283181094,0.09631882397374848,0.09631882397374848,0.0,0.0,0,0.7703926078718233,0.9723602790180893,0.0,0.0,0.9778311052089279
baseline,0.25,0.6,0.35,100000,0.6,999,OBM_RR,99000,100,1.9166471869362713,9.388474294298888,16.756557339986735,94.0,93.47,-0.028683644855221575,-0.028536628157272818,-0.028683644855221575,0.34025574801933317,0.34025574801933317,0.0,0.0,0,0.7703926078718233,0.9723602790180893,0.0,0.0,0.9715377133644758
baseline,0.25,0.6,0.35,100000,,0,ORACLE,99000,100,1.9166471869362713,9.388474294298888,17.247459475307526,95.0,94.67,0.0,0.0,0.0,0.0,0.0,0.0,0.0,0,0.7703926078718233,0.9723602790180893,0.0,0.0,1.0
baseline,0.25,0.6,0.35,1000000,0.4,251,OBM,999000,100,1.9166471869362713,2.9734129221115366,5.102019500591635,93.0,93.27,-0.12107366348587859,-0.12005437711476417,-0.12107366348587859,0.12004404511675837,0.12004404511675837,0.0,0.0,0,0.7703926078718233,0.9723602790180893,0.0,0.0,0.9396846396687231
baseline,0.25,0.6,0.35,1000000,0.4,251,OBM_RR,999000,100,1.9166471869362713,2.9734129221115366,5.440307419196385,95.0,94.82,0.0018944033793545571,0.0025502860409420667,0.0018944033793545571,0.008014089805095898,0.008014089805095898,0.0,0.0,0,0.7703926078718233,0.9723602790180893,0.0,0.0,1.0019901563100304
baseline,0.25,0.6,0.35,1000000,0.5,1000,OBM,999000,100,1.9166471869362713,2.9734129221115366,5.357217396990707,95.0,94.46,-0.028336605730914836,-0.028826113737873926,-0.028336605730914836,0.015453872259888767,0.015453872259888767,0.0,0.0,0,0.7703926078718233,0.9723602790180893,0.0,0.0,0.9866867225290826
baseline,0.25,0.6,0.35,1000000,0.5,1000,OBM_RR,999000,100,1.9166471869362713,2.9734129221115366,5.43222713427089,95.0,94.72,-0.0008523112759606423,-0.000573566321395212,-0.0008523112759606423,0.03434929879296414,0.03434929879296414,0.0,0.0,0,0.7703926078718233,0.9723602790180893,0.0,0.0,1.0005019378452138
baseline,0.25,0.6,0.35,1000000,0.6,3981,OBM,999000,100,1.9166471869362713,2.9734129221115366,5.416808398036517,95.0,94.6,-0.009508047492664488,-0.008748269205710127,-0.009508047492664488,0.03517505981035836,0.03517505981035836,0.0,0.0,0,0.7703926078718233,0.9723602790180893,0.0,0.0,0.9976621310587319
baseline,0.25,0.6,0.35,1000000,0.6,3981,OBM_RR,999000,100,1.9166471869362713,2.9734129221115366,5.391139513733224,95.0,94.41,-0.011052765245241796,-0.009395161524477492,-0.011052765245241796,0.13820542038212077,0.13820542038212077,0.0,0.0,0,0.7703926078718233,0.9723602790180893,0.0,0.0,0.9929344626728228
baseline,0.25,0.6,0.35,1000000,,0,ORACLE,999000,100,1.9166471869362713,2.9734129221115366,5.42950186180579,95.0,94.81,0.0,0.0,0.0,0.0,0.0,0.0,0.0,0,0.7703926078718233,0.9723602790180893,0.0,0.0,1.0
high_noise,0.25,0.6,0.45,100000,0.4,100,OBM,99000,100,1.9397431873211217,9.55294608963132,14.44768571489732,90.0,89.49,-0.297586366171531,-0.293483910107282,-0.297586366171531,0.7010834202528109,0.7010834202528109,0.0,0.0,0,0.8277933002072662,0.9815390838549234,0.07,0.0,0.8326715159165753
high_noise,0.25,0.6,0.45,100000,0.4,100,OBM_RR,99000,100,1.9397431873211217,9.55294608963132,17.180742948115196,95.0,94.5,-0.008275545218868226,-0.008384937864574938,-0.008275545218868226,0.03259265224757333,0.03259265224757333,0.0,0.0,0,0.8277933002072662,0.9815390838549234,0.07,0.0,0.9901873253256716
high_noise,0.25,0.6,0.45,100000,0.5,316,OBM,99000,100,1.9397431873211217,9.55294608963132,16.505245135273213,93.5,93.38,-0.09576073889174158,-0.0951947186044248,-0.09576073889174158,0.10058254725930504,0.10058254725930504,0.0,0.0,0,0.8277933002072662,0.9815390838549234,0.07,0.0,0.9512559837311149
high_noise,0.25,0.6,0.45,100000,0.5,316,OBM_RR,99000,100,1.9397431873211217,9.55294608963132,17.200691039299606,95.0,94.49,-0.0025312419237768814,-0.0036323928935147656,-0.0025312419237768814,0.1108637118949342,0.1108637118949342,0.0,0.0,0,0.8277933002072662,0.9815390838549234,0.07,0.0,0.9913370047728814
high_noise,0.25,0.6,0.45,100000,0.6,999,OBM,99000,100,1.9397431873211217,9.55294608963132,16.95452697749714,94.5,94.16,-0.036886345133805655,-0.0358058259000734,-0.036886345133805655,0.09804368068057498,0.09804368068057498,0.0,0.0,0,0.8277933002072662,0.9815390838549234,0.07,0.0,0.9771496943239913
high_noise,0.25,0.6,0.45,100000,0.6,999,OBM_RR,99000,100,1.9397431873211217,9.55294608963132,16.85247997773153,94.0,93.53,-0.026172952980113327,-0.02688259121296356,-0.026172952980113327,0.3486638606935654,0.3486638606935654,0.0,0.0,0,0.8277933002072662,0.9815390838549234,0.07,0.0,0.9712683627622208
high_noise,0.25,0.6,0.45,100000,,0,ORACLE,99000,100,1.9397431873211217,9.55294608963132,17.351002692813168,95.0,94.5,0.0,0.0,0.0,0.0,0.0,0.0,0.0,0,0.8277933002072662,0.9815390838549234,0.07,0.0,1.0
high_noise,0.25,0.6,0.45,1000000,0.4,251,OBM,999000,100,1.9397431873211217,2.9978848569251584,5.150204590520214,93.0,93.16,-0.1200562918669808,-0.1183113922007429,-0.1200562918669808,0.12018714749100709,0.12018714749100709,0.0,0.0,0,0.8277933002072662,0.9815390838549234,0.07,0.0,0.9428987310014533
high_noise,0.25,0.6,0.45,1000000,0.4,251,OBM_RR,999000,100,1.9397431873211217,2.9978848569251584,5.466623797171195,95.0,94.82,0.0031574104636691597,0.004487945180634938,0.0031574104636691597,0.008317631349546658,0.008317631349546658,0.0,0.0,0,0.8277933002072662,0.9815390838549234,0.07,0.0,1.000828714785954
high_noise,0.25,0.6,0.45,1000000,0.5,1000,OBM,999000,100,1.9397431873211217,2.9978848569251584,5.3803696604866325,95.0,94.51,-0.02675611433121298,-0.026930021124903492,-0.02675611433121298,0.015257199559133792,0.015257199559133792,0.0,0.0,0,0.8277933002072662,0.9815390838549234,0.07,0.0,0.9850373195910527
high_noise,0.25,0.6,0.45,1000000,0.5,1000,OBM_RR,999000,100,1.9397431873211217,2.9978848569251584,5.442509077508465,95.0,94.7,0.001366688302109849,0.001364000650962311,0.001366688302109849,0.03527791975923886,0.03527791975923886,0.0,0.0,0,0.8277933002072662,0.9815390838549234,0.07,0.0,0.9964137953067751
high_noise,0.25,0.6,0.45,1000000,0.6,3981,OBM,999000,100,1.9397431873211217,2.9978848569251584,5.4177284334279125,95.0,94.59,-0.007988360728942823,-0.006869516296292502,-0.007988360728942823,0.036001825174012264,0.036001825174012264,0.0,0.0,0,0.8277933002072662,0.9815390838549234,0.07,0.0,0.99187695847898
high_noise,0.25,0.6,0.45,1000000,0.6,3981,OBM_RR,999000,100,1.9397431873211217,2.9978848569251584,5.431708314731982,95.0,94.42,-0.009610988845778677,-0.00754248465423174,-0.009610988845778677,0.1419885178960218,0.1419885178960218,0.0,0.0,0,0.8277933002072662,0.9815390838549234,0.07,0.0,0.9944363931789959
high_noise,0.25,0.6,0.45,1000000,,0,ORACLE,999000,100,1.9397431873211217,2.9978848569251584,5.462097276395927,95.0,94.85,0.0,0.0,0.0,0.0,0.0,0.0,0.0,0,0.8277933002072662,0.9815390838549234,0.07,0.0,1.0
weak_high_noise,0.15,0.35,0.25,100000,0.4,100,OBM,99000,100,5.582223017879043,16.11951651336812,21.46585320242501,85.0,84.92,-0.45728542922265125,-0.4503557284757864,-0.45728542922265125,12.453244943195012,12.453244943195012,0.0,0.0,0,0.4838929060409427,0.9880387293969626,0.03,0.0,0.7293094761182553
weak_high_noise,0.15,0.35,0.25,100000,0.4,100,OBM_RR,99000,100,5.582223017879043,16.11951651336812,28.301218054943245,94.0,93.87,-0.060331708045328114,-0.0621099380428591,-0.060331708045328114,0.5729344636938886,0.5729344636938886,0.0,0.0,0,0.4838929060409427,0.9880387293969626,0.03,0.0,0.9615432621530932
weak_high_noise,0.15,0.35,0.25,100000,0.5,316,OBM,99000,100,5.582223017879043,16.11951651336812,26.68679846521546,92.0,92.14,-0.16710729967004806,-0.16574307802140772,-0.16710729967004806,1.9654372242106524,1.9654372242106524,0.0,0.0,0,0.4838929060409427,0.9880387293969626,0.03,0.0,0.9066928215898266
weak_high_noise,0.15,0.35,0.25,100000,0.5,316,OBM_RR,99000,100,5.582223017879043,16.11951651336812,29.138712717035347,95.0,94.46,-0.00631773810052879,-0.006516980630208674,-0.00631773810052879,0.8705372017720819,0.8705372017720819,0.0,0.0,0,0.4838929060409427,0.9880387293969626,0.03,0.0,0.9899974208349025
weak_high_noise,0.15,0.35,0.25,100000,0.6,999,OBM,99000,100,5.582223017879043,16.11951651336812,28.427897678160534,94.0,93.76,-0.06094304203519102,-0.059897772585671916,-0.06094304203519102,0.9239254824458853,0.9239254824458853,0.0,0.0,0,0.4838929060409427,0.9880387293969626,0.03,0.0,0.9658472443322419
weak_high_noise,0.15,0.35,0.25,100000,0.6,999,OBM_RR,99000,100,5.582223017879043,16.11951651336812,28.56592291773065,94.0,93.56,-0.029563513565919176,-0.029261083256737423,-0.029563513565919176,2.796813847953361,2.796813847953361,0.0,0.0,0,0.4838929060409427,0.9880387293969626,0.03,0.0,0.9705366975868
weak_high_noise,0.15,0.35,0.25,100000,,0,ORACLE,99000,100,5.582223017879043,16.11951651336812,29.433119828192645,95.0,94.56,0.0,0.0,0.0,0.0,0.0,0.0,0.0,0,0.4838929060409427,0.9880387293969626,0.03,0.0,1.0
weak_high_noise,0.15,0.35,0.25,1000000,0.4,251,OBM,999000,100,5.582223017879043,5.077213503349034,8.2295421702016,92.0,92.08,-0.20768200899563985,-0.2052805381524786,-0.20768200899563985,2.766429254744726,2.766429254744726,0.0,0.0,0,0.4838929060409427,0.9880387293969626,0.03,0.0,0.8881872269608295
weak_high_noise,0.15,0.35,0.25,1000000,0.4,251,OBM_RR,999000,100,5.582223017879043,5.077213503349034,9.271489239535367,95.0,94.87,0.0002838555269354903,0.00027149262259784206,0.0002838555269354903,0.06406115423682915,0.06406115423682915,0.0,0.0,0,0.4838929060409427,0.9880387293969626,0.03,0.0,1.0006411228169645
weak_high_noise,0.15,0.35,0.25,1000000,0.5,1000,OBM,999000,100,5.582223017879043,5.077213503349034,9.054776104222043,94.0,94.2,-0.05084368492922019,-0.051039674681203476,-0.05084368492922019,0.2432262103607408,0.2432262103607408,0.0,0.0,0,0.4838929060409427,0.9880387293969626,0.03,0.0,0.9772519919614368
weak_high_noise,0.15,0.35,0.25,1000000,0.5,1000,OBM_RR,999000,100,5.582223017879043,5.077213503349034,9.24554162175249,95.0,94.77,-0.0007800042217813983,-0.0010920028039700413,-0.0007800042217813983,0.28271625077681145,0.28271625077681145,0.0,0.0,0,0.4838929060409427,0.9880387293969626,0.03,0.0,0.9978406823783382
weak_high_noise,0.15,0.35,0.25,1000000,0.6,3981,OBM,999000,100,5.582223017879043,5.077213503349034,9.18789130944301,95.0,94.51,-0.015202225226939769,-0.014729856676129522,-0.015202225226939769,0.30034311798156516,0.30034311798156516,0.0,0.0,0,0.4838929060409427,0.9880387293969626,0.03,0.0,0.9916186751312049
weak_high_noise,0.15,0.35,0.25,1000000,0.6,3981,OBM_RR,999000,100,5.582223017879043,5.077213503349034,9.236634307598322,95.0,94.42,-0.011810791487918918,-0.00985965957612986,-0.011810791487918918,1.1429636806368981,1.1429636806368981,0.0,0.0,0,0.4838929060409427,0.9880387293969626,0.03,0.0,0.9968793454661943
weak_high_noise,0.15,0.35,0.25,1000000,,0,ORACLE,999000,100,5.582223017879043,5.077213503349034,9.265548884733665,95.0,94.79,0.0,0.0,0.0,0.0,0.0,0.0,0.0,0,0.4838929060409427,0.9880387293969626,0.03,0.0,1.0
weak_mean,0.12,0.3,0.18,100000,0.4,100,OBM,99000,100,7.859697167393989,19.2331195492167,24.251417541834883,82.5,82.28,-0.5183760542331909,-0.5109421235466943,-0.5183760542331909,34.28237807095971,34.28237807095971,0.0,0.0,0,0.3877954145929431,0.9874962472625517,0.0,0.0,0.6943466330676248
weak_mean,0.12,0.3,0.18,100000,0.4,100,OBM_RR,99000,100,7.859697167393989,19.2331195492167,33.322037367910134,93.0,93.24,-0.09941118680352609,-0.10203118922560642,-0.09941118680352609,2.437157260973669,2.437157260973669,0.0,0.0,0,0.3877954145929431,0.9874962472625517,0.0,0.0,0.9540491566503049
weak_mean,0.12,0.3,0.18,100000,0.5,316,OBM,99000,100,7.859697167393989,19.2331195492167,31.427013970351435,92.0,91.59,-0.20282045399328952,-0.2020585295014435,-0.20282045399328952,6.177612396921103,6.177612396921103,0.0,0.0,0,0.3877954145929431,0.9874962472625517,0.0,0.0,0.8997924059507043
weak_mean,0.12,0.3,0.18,100000,0.5,316,OBM_RR,99000,100,7.859697167393989,19.2331195492167,34.682072179710815,95.0,94.43,-0.008420173280675233,-0.008751375523607227,-0.008420173280675233,1.8322995125830968,1.8322995125830968,0.0,0.0,0,0.3877954145929431,0.9874962472625517,0.0,0.0,0.99298855434941
weak_mean,0.12,0.3,0.18,100000,0.6,999,OBM,99000,100,7.859697167393989,19.2331195492167,33.61932427288056,94.0,93.59,-0.07262523797582347,-0.07244591779101182,-0.07262523797582347,2.2037817429642965,2.2037817429642965,0.0,0.0,0,0.3877954145929431,0.9874962472625517,0.0,0.0,0.9625608307066864
weak_mean,0.12,0.3,0.18,100000,0.6,999,OBM_RR,99000,100,7.859697167393989,19.2331195492167,34.07036365244098,94.0,93.48,-0.030475057111548277,-0.03014652239314045,-0.030475057111548277,5.953948605593065,5.953948605593065,0.0,0.0,0,0.3877954145929431,0.9874962472625517,0.0,0.0,0.9754746191084753
weak_mean,0.12,0.3,0.18,100000,,0,ORACLE,99000,100,7.859697167393989,19.2331195492167,34.926960666161904,95.0,94.68,0.0,0.0,0.0,0.0,0.0,0.0,0.0,0,0.3877954145929431,0.9874962472625517,0.0,0.0,1.0
weak_mean,0.12,0.3,0.18,1000000,0.4,251,OBM,999000,100,7.859697167393989,6.03574477231264,9.62935161028236,91.0,91.26,-0.2522031250347151,-0.24873402210629272,-0.2522031250347151,8.845301848935563,8.845301848935563,0.0,0.0,0,0.3877954145929431,0.9874962472625517,0.0,0.0,0.8757928529120045
weak_mean,0.12,0.3,0.18,1000000,0.4,251,OBM_RR,999000,100,7.859697167393989,6.03574477231264,11.005862173668921,95.0,94.79,-0.0038675075508245327,-0.004222064408052842,-0.0038675075508245327,0.1390558547586582,0.1390558547586582,0.0,0.0,0,0.3877954145929431,0.9874962472625517,0.0,0.0,1.0009869638098283
weak_mean,0.12,0.3,0.18,1000000,0.5,1000,OBM,999000,100,7.859697167393989,6.03574477231264,10.713280406453812,94.0,94.08,-0.06345105826225286,-0.06367791951746982,-0.06345105826225286,0.7345324765859529,0.7345324765859529,0.0,0.0,0,0.3877954145929431,0.9874962472625517,0.0,0.0,0.9743765510852852
weak_mean,0.12,0.3,0.18,1000000,0.5,1000,OBM_RR,999000,100,7.859697167393989,6.03574477231264,10.989665522580822,95.0,94.81,-0.0021376677123492466,-0.002219149417216411,-0.0021376677123492466,0.6027613512967754,0.6027613512967754,0.0,0.0,0,0.3877954145929431,0.9874962472625517,0.0,0.0,0.9995138728024421
weak_mean,0.12,0.3,0.18,1000000,0.6,3981,OBM,999000,100,7.859697167393989,6.03574477231264,10.908846421320053,95.0,94.53,-0.019298806780495618,-0.018711618544474243,-0.019298806780495618,0.6600009671703663,0.6600009671703663,0.0,0.0,0,0.3877954145929431,0.9874962472625517,0.0,0.0,0.9921633476448216
weak_mean,0.12,0.3,0.18,1000000,0.6,3981,OBM_RR,999000,100,7.859697167393989,6.03574477231264,10.891060143376738,94.0,94.43,-0.012746316424159944,-0.010895094921992293,-0.012746316424159944,2.43607329307101,2.43607329307101,0.0,0.0,0,0.3877954145929431,0.9874962472625517,0.0,0.0,0.9905456795262301
weak_mean,0.12,0.3,0.18,1000000,,0,ORACLE,999000,100,7.859697167393989,6.03574477231264,10.99501049622047,95.0,94.83,0.0,0.0,0.0,0.0,0.0,0.0,0.0,0,0.3877954145929431,0.9874962472625517,0.0,0.0,1.0
