scenario,lazy_prob,T,eta,b_n,estimator,T_eff,n_problems,sigma_true_median,l2_median_x1e3,width_median_x1e3,coverage_median_pct,coverage_mean_pct,rel_bias_raw_median,rel_bias_raw_mean,rel_bias_used_median,mse_raw_mean,mse_used_mean,negative_rate_mean,clamped_rate_mean,diverged_total,slem_median,spectral_gap_median,relaxation_time_median,max_rho_median,warn_unstable_rate,width_ratio_to_oracle
baseline,0.0,100000,0.4,100,OBM,99000,100,1.9166471869362713,9.388474294298888,14.43540165546263,89.0,89.53,-0.2980337155887338,-0.2949401598422425,-0.2980337155887338,0.6914539221523764,0.6914539221523764,0.0,0.0,0,0.1865272286653914,0.8134727713346086,1.229297645809034,0.9723602790180893,0.0,0.8369581430893749
baseline,0.0,100000,0.4,100,OBM_RR,99000,100,1.9166471869362713,9.388474294298888,17.123482093690356,95.0,94.52,-0.009852954778077974,-0.010295495351336363,-0.009852954778077974,0.03205093864556861,0.03205093864556861,0.0,0.0,0,0.1865272286653914,0.8134727713346086,1.229297645809034,0.9723602790180893,0.0,0.9928118467653358
baseline,0.0,100000,0.5,316,OBM,99000,100,1.9166471869362713,9.388474294298888,16.345913486278576,93.5,93.31,-0.09677781877714266,-0.09697077136097786,-0.09677781877714266,0.10037683817303986,0.10037683817303986,0.0,0.0,0,0.1865272286653914,0.8134727713346086,1.229297645809034,0.9723602790180893,0.0,0.9477287660643786
baseline,0.0,100000,0.5,316,OBM_RR,99000,100,1.9166471869362713,9.388474294298888,17.089828966986804,95.0,94.53,-0.004822767948609644,-0.005466669097913293,-0.004822767948609644,0.10813339468209592,0.10813339468209592,0.0,0.0,0,0.1865272286653914,0.8134727713346086,1.229297645809034,0.9723602790180893,0.0,0.9908606535039902
baseline,0.0,100000,0.6,999,OBM,99000,100,1.9166471869362713,9.388474294298888,16.865102360786153,94.0,94.07,-0.03857257283181094,-0.03757960612445111,-0.03857257283181094,0.09631882397374848,0.09631882397374848,0.0,0.0,0,0.1865272286653914,0.8134727713346086,1.229297645809034,0.9723602790180893,0.0,0.9778311052089279
baseline,0.0,100000,0.6,999,OBM_RR,99000,100,1.9166471869362713,9.388474294298888,16.756557339986735,94.0,93.47,-0.028683644855221575,-0.028536628157272818,-0.028683644855221575,0.34025574801933317,0.34025574801933317,0.0,0.0,0,0.1865272286653914,0.8134727713346086,1.229297645809034,0.9723602790180893,0.0,0.9715377133644758
baseline,0.0,100000,,0,ORACLE,99000,100,1.9166471869362713,9.388474294298888,17.247459475307526,95.0,94.67,0.0,0.0,0.0,0.0,0.0,0.0,0.0,0,0.1865272286653914,0.8134727713346086,1.229297645809034,0.9723602790180893,0.0,1.0
baseline,0.0,1000000,0.4,251,OBM,999000,100,1.9166471869362713,2.9734129221115366,5.102019500591635,93.0,93.27,-0.12107366348587859,-0.12005437711476417,-0.12107366348587859,0.12004404511675837,0.12004404511675837,0.0,0.0,0,0.1865272286653914,0.8134727713346086,1.229297645809034,0.9723602790180893,0.0,0.9396846396687231
baseline,0.0,1000000,0.4,251,OBM_RR,999000,100,1.9166471869362713,2.9734129221115366,5.440307419196385,95.0,94.82,0.0018944033793545571,0.0025502860409420663,0.0018944033793545571,0.008014089805095898,0.008014089805095898,0.0,0.0,0,0.1865272286653914,0.8134727713346086,1.229297645809034,0.9723602790180893,0.0,1.0019901563100304
baseline,0.0,1000000,0.5,1000,OBM,999000,100,1.9166471869362713,2.9734129221115366,5.357217396990707,95.0,94.46,-0.028336605730914836,-0.028826113737873926,-0.028336605730914836,0.015453872259888767,0.015453872259888767,0.0,0.0,0,0.1865272286653914,0.8134727713346086,1.229297645809034,0.9723602790180893,0.0,0.9866867225290826
baseline,0.0,1000000,0.5,1000,OBM_RR,999000,100,1.9166471869362713,2.9734129221115366,5.43222713427089,95.0,94.72,-0.0008523112759606423,-0.0005735663213952118,-0.0008523112759606423,0.03434929879296414,0.03434929879296414,0.0,0.0,0,0.1865272286653914,0.8134727713346086,1.229297645809034,0.9723602790180893,0.0,1.0005019378452138
baseline,0.0,1000000,0.6,3981,OBM,999000,100,1.9166471869362713,2.9734129221115366,5.416808398036517,95.0,94.6,-0.009508047492664488,-0.008748269205710127,-0.009508047492664488,0.03517505981035836,0.03517505981035836,0.0,0.0,0,0.1865272286653914,0.8134727713346086,1.229297645809034,0.9723602790180893,0.0,0.9976621310587319
baseline,0.0,1000000,0.6,3981,OBM_RR,999000,100,1.9166471869362713,2.9734129221115366,5.391139513733224,95.0,94.41,-0.011052765245241796,-0.009395161524477492,-0.011052765245241796,0.13820542038212077,0.13820542038212077,0.0,0.0,0,0.1865272286653914,0.8134727713346086,1.229297645809034,0.9723602790180893,0.0,0.9929344626728228
baseline,0.0,1000000,,0,ORACLE,999000,100,1.9166471869362713,2.9734129221115366,5.42950186180579,95.0,94.81,0.0,0.0,0.0,0.0,0.0,0.0,0.0,0,0.1865272286653914,0.8134727713346086,1.229297645809034,0.9723602790180893,0.0,1.0
lazy_0p50,0.5,100000,0.4,100,OBM,99000,100,5.808960968380143,16.34919349732617,25.395019617831423,89.0,89.38,-0.2949204607372358,-0.29052946179875144,-0.2949204607372358,5.919332521285521,5.919332521285521,0.0,0.0,0,0.5736571627520449,0.4263428372479551,2.3455328511699642,0.9723602790180893,0.0,0.84574462408485
lazy_0p50,0.5,100000,0.4,100,OBM_RR,99000,100,5.808960968380143,16.34919349732617,29.884396049475356,95.0,94.56,-0.005656350744817429,-0.004764980690211732,-0.005656350744817429,0.2827289169760607,0.2827289169760607,0.0,0.0,0,0.5736571627520449,0.4263428372479551,2.3455328511699642,0.9723602790180893,0.0,0.9952568528484012
lazy_0p50,0.5,100000,0.5,316,OBM,99000,100,5.808960968380143,16.34919349732617,28.568405006771577,94.0,93.42,-0.09308049534824296,-0.09188366499803963,-0.09308049534824296,0.8567867652061399,0.8567867652061399,0.0,0.0,0,0.5736571627520449,0.4263428372479551,2.3455328511699642,0.9723602790180893,0.0,0.9514296628536735
lazy_0p50,0.5,100000,0.5,316,OBM_RR,99000,100,5.808960968380143,16.34919349732617,29.690218987786213,95.0,94.39,0.0024232942418530162,0.0015094228703789484,0.0024232942418530162,0.9397003811634321,0.9397003811634321,0.0,0.0,0,0.5736571627520449,0.4263428372479551,2.3455328511699642,0.9723602790180893,0.0,0.9887900649303139
lazy_0p50,0.5,100000,0.6,999,OBM,99000,100,5.808960968380143,16.34919349732617,29.289366698643498,94.0,94.11,-0.02970403379607346,-0.030584915567703073,-0.02970403379607346,0.8215690765066848,0.8215690765066848,0.0,0.0,0,0.5736571627520449,0.4263428372479551,2.3455328511699642,0.9723602790180893,0.0,0.9754402556489494
lazy_0p50,0.5,100000,0.6,999,OBM_RR,99000,100,5.808960968380143,16.34919349732617,29.14138393030438,94.0,93.87,-0.018035624672355022,-0.018924519793244096,-0.018035624672355022,2.96605290702791,2.96605290702791,0.0,0.0,0,0.5736571627520449,0.4263428372479551,2.3455328511699642,0.9723602790180893,0.0,0.9705119022685045
lazy_0p50,0.5,100000,,0,ORACLE,99000,100,5.808960968380143,16.34919349732617,30.02681766415065,95.0,94.69,0.0,0.0,0.0,0.0,0.0,0.0,0.0,0,0.5736571627520449,0.4263428372479551,2.3455328511699642,0.9723602790180893,0.0,1.0
lazy_0p50,0.5,1000000,0.4,251,OBM,999000,100,5.808960968380143,5.414135252094969,8.899389758164247,92.0,91.97,-0.1133707290538843,-0.11336449897958514,-0.1133707290538843,0.9662825822372948,0.9662825822372948,0.0,0.0,0,0.5736571627520449,0.4263428372479551,2.3455328511699642,0.9723602790180893,0.0,0.9414907719713409
lazy_0p50,0.5,1000000,0.4,251,OBM_RR,999000,100,5.808960968380143,5.414135252094969,9.459767529557027,94.0,93.92,0.00901095675126272,0.010536826173199449,0.00901095675126272,0.07835310346503092,0.07835310346503092,0.0,0.0,0,0.5736571627520449,0.4263428372479551,2.3455328511699642,0.9723602790180893,0.0,1.0007746683868406
lazy_0p50,0.5,1000000,0.5,1000,OBM,999000,100,5.808960968380143,5.414135252094969,9.329148823265594,94.0,93.4,-0.02240096085407243,-0.02092537806521567,-0.02240096085407243,0.11634777622984997,0.11634777622984997,0.0,0.0,0,0.5736571627520449,0.4263428372479551,2.3455328511699642,0.9723602790180893,0.0,0.9869561583583972
lazy_0p50,0.5,1000000,0.5,1000,OBM_RR,999000,100,5.808960968380143,5.414135252094969,9.41075477563504,94.0,93.78,0.007203683271587775,0.007886416452022624,0.007203683271587775,0.3034427858087906,0.3034427858087906,0.0,0.0,0,0.5736571627520449,0.4263428372479551,2.3455328511699642,0.9723602790180893,0.0,0.9955894751566957
lazy_0p50,0.5,1000000,0.6,3981,OBM,999000,100,5.808960968380143,5.414135252094969,9.371229030182025,94.0,93.65,-0.0023282738958890813,-0.0008169076723492054,-0.0023282738958890813,0.29975638870890753,0.29975638870890753,0.0,0.0,0,0.5736571627520449,0.4263428372479551,2.3455328511699642,0.9723602790180893,0.0,0.9914079384883908
lazy_0p50,0.5,1000000,0.6,3981,OBM_RR,999000,100,5.808960968380143,5.414135252094969,9.321524477032206,94.0,93.42,-0.004734260460551299,-0.002055174183094876,-0.004734260460551299,1.1975022933782218,1.1975022933782218,0.0,0.0,0,0.5736571627520449,0.4263428372479551,2.3455328511699642,0.9723602790180893,0.0,0.9861495579266694
lazy_0p50,0.5,1000000,,0,ORACLE,999000,100,5.808960968380143,5.414135252094969,9.452445019222287,94.0,93.75,0.0,0.0,0.0,0.0,0.0,0.0,0.0,0,0.5736571627520449,0.4263428372479551,2.3455328511699642,0.9723602790180893,0.0,1.0
lazy_0p80,0.8,100000,0.4,100,OBM,99000,100,17.271639145430775,32.477801655247745,43.925096958423524,86.5,83.87,-0.2800974214816313,-0.2771620652202337,-0.2800974214816313,50.01493174524187,50.01493174524187,0.0,0.0,0,0.8293087090644498,0.1706912909355503,5.8585298632999265,0.9723602790180893,0.0,0.8483750499810161
lazy_0p80,0.8,100000,0.4,100,OBM_RR,99000,100,17.271639145430775,32.477801655247745,51.83685017552768,92.0,90.11,0.01594958286709551,0.02029737727797197,0.01594958286709551,2.8822959292273125,2.8822959292273125,0.0,0.0,0,0.8293087090644498,0.1706912909355503,5.8585298632999265,0.9723602790180893,0.0,1.0011836832175334
lazy_0p80,0.8,100000,0.5,316,OBM,99000,100,17.271639145430775,32.477801655247745,49.46660674522556,91.0,88.58,-0.07459943219027637,-0.07048189750382489,-0.07459943219027637,6.323799436589721,6.323799436589721,0.0,0.0,0,0.8293087090644498,0.1706912909355503,5.8585298632999265,0.9723602790180893,0.0,0.9554044925522728
lazy_0p80,0.8,100000,0.5,316,OBM_RR,99000,100,17.271639145430775,32.477801655247745,51.74803037824752,92.0,90.17,0.02211234463687864,0.025002912910345093,0.02211234463687864,9.138461432779552,9.138461432779552,0.0,0.0,0,0.8293087090644498,0.1706912909355503,5.8585298632999265,0.9723602790180893,0.0,0.9994682060717873
lazy_0p80,0.8,100000,0.6,999,OBM,99000,100,17.271639145430775,32.477801655247745,50.980792832782754,92.0,89.58,-0.011232358598298683,-0.008159941533308438,-0.011232358598298683,7.452382016637277,7.452382016637277,0.0,0.0,0,0.8293087090644498,0.1706912909355503,5.8585298632999265,0.9723602790180893,0.0,0.984649680079754
lazy_0p80,0.8,100000,0.6,999,OBM_RR,99000,100,17.271639145430775,32.477801655247745,50.95952867862467,92.0,89.12,0.004130845109629644,0.004505836606331531,0.004130845109629644,28.055828785642667,28.055828785642667,0.0,0.0,0,0.8293087090644498,0.1706912909355503,5.8585298632999265,0.9723602790180893,0.0,0.9842389814337443
lazy_0p80,0.8,100000,,0,ORACLE,99000,100,17.271639145430775,32.477801655247745,51.77556430897682,92.0,89.98,0.0,0.0,0.0,0.0,0.0,0.0,0.0,0,0.8293087090644498,0.1706912909355503,5.8585298632999265,0.9723602790180893,0.0,1.0
lazy_0p80,0.8,1000000,0.4,251,OBM,999000,100,17.271639145430775,18.189682630961713,15.447080267842473,70.5,62.26,-0.09880126883149573,-0.09393689901597577,-0.09880126883149573,7.023854890512925,7.023854890512925,0.0,0.0,0,0.8293087090644498,0.1706912909355503,5.8585298632999265,0.9723602790180893,0.0,0.9477345408277423
lazy_0p80,0.8,1000000,0.4,251,OBM_RR,999000,100,17.271639145430775,18.189682630961713,16.41448961172495,76.5,65.47,0.029526331992075914,0.03487385373380484,0.029526331992075914,1.2962473113895578,1.2962473113895578,0.0,0.0,0,0.8293087090644498,0.1706912909355503,5.8585298632999265,0.9723602790180893,0.0,1.0070886216261445
lazy_0p80,0.8,1000000,0.5,1000,OBM,999000,100,17.271639145430775,18.189682630961713,16.186150914517157,74.5,64.56,-0.0021038720301484112,0.0020277152456624125,-0.0021038720301484112,0.9756915422439968,0.9756915422439968,0.0,0.0,0,0.8293087090644498,0.1706912909355503,5.8585298632999265,0.9723602790180893,0.0,0.9930792123009441
lazy_0p80,0.8,1000000,0.5,1000,OBM_RR,999000,100,17.271639145430775,18.189682630961713,16.373367558764897,76.5,65.3,0.0289821160866707,0.03152866216700053,0.0289821160866707,3.2784358292126985,3.2784358292126985,0.0,0.0,0,0.8293087090644498,0.1706912909355503,5.8585298632999265,0.9723602790180893,0.0,1.0045656341551
lazy_0p80,0.8,1000000,0.6,3981,OBM,999000,100,17.271639145430775,18.189682630961713,16.335449546548396,76.0,65.11,0.019483362875429736,0.022644581014698063,0.019483362875429736,3.112276818380132,3.112276818380132,0.0,0.0,0,0.8293087090644498,0.1706912909355503,5.8585298632999265,0.9723602790180893,0.0,1.0022392262337325
lazy_0p80,0.8,1000000,0.6,3981,OBM_RR,999000,100,17.271639145430775,18.189682630961713,16.280421918360073,74.5,64.75,0.02215127941796396,0.022989236041428995,0.02215127941796396,11.685224115932204,11.685224115932204,0.0,0.0,0,0.8293087090644498,0.1706912909355503,5.8585298632999265,0.9723602790180893,0.0,0.998863081161031
lazy_0p80,0.8,1000000,,0,ORACLE,999000,100,17.271639145430775,18.189682630961713,16.29895250451792,76.5,64.66,0.0,0.0,0.0,0.0,0.0,0.0,0.0,0,0.8293087090644498,0.1706912909355503,5.8585298632999265,0.9723602790180893,0.0,1.0
lazy_0p95,0.95,100000,0.4,100,OBM,99000,100,74.38627435555341,124.78543031597502,89.68847955357484,64.0,55.15,-0.2792190139035946,-0.27348895022068626,-0.2792190139035946,1010.5370556430812,1010.5370556430812,0.0,0.0,0,0.9572930450999573,0.04270695490004278,23.41539948470922,0.9723602790180893,0.0,0.834711179861841
lazy_0p95,0.95,100000,0.4,100,OBM_RR,99000,100,74.38627435555341,124.78543031597502,112.50951524582837,78.0,64.59,0.10561991078656521,0.12139136980659389,0.10561991078656521,299.6082072879684,299.6082072879684,0.0,0.0,0,0.9572930450999573,0.04270695490004278,23.41539948470922,0.9723602790180893,0.0,1.0471015974847793
lazy_0p95,0.95,100000,0.5,316,OBM,99000,100,74.38627435555341,124.78543031597502,106.31138496574911,75.5,62.14,-0.011062879406107552,0.003316595948576142,-0.011062879406107552,183.0375444504625,183.0375444504625,0.0,0.0,0,0.9572930450999573,0.04270695490004278,23.41539948470922,0.9723602790180893,0.0,0.989416946515399
lazy_0p95,0.95,100000,0.5,316,OBM_RR,99000,100,74.38627435555341,124.78543031597502,113.38979523568767,80.0,64.83,0.12435233701998427,0.136750079294435,0.12435233701998427,492.47804452038685,492.47804452038685,0.0,0.0,0,0.9572930450999573,0.04270695490004278,23.41539948470922,0.9723602790180893,0.0,1.0552941719670494
lazy_0p95,0.95,100000,0.6,999,OBM,99000,100,74.38627435555341,124.78543031597502,111.22821570305112,78.5,64.04,0.0807221798705487,0.09173882262581289,0.0807221798705487,362.77182646568804,362.77182646568804,0.0,0.0,0,0.9572930450999573,0.04270695490004278,23.41539948470922,0.9723602790180893,0.0,1.035176821209927
lazy_0p95,0.95,100000,0.6,999,OBM_RR,99000,100,74.38627435555341,124.78543031597502,111.81298461569745,77.0,63.97,0.1000021464315653,0.11558789584170855,0.1000021464315653,911.9323657952052,911.9323657952052,0.0,0.0,0,0.9572930450999573,0.04270695490004278,23.41539948470922,0.9723602790180893,0.0,1.0406191383442027
lazy_0p95,0.95,100000,,0,ORACLE,99000,100,74.38627435555341,124.78543031597502,107.44851838263365,77.0,62.23,0.0,0.0,0.0,0.0,0.0,0.0,0.0,0,0.9572930450999573,0.04270695490004278,23.41539948470922,0.9723602790180893,0.0,1.0
lazy_0p95,0.95,1000000,0.4,251,OBM,999000,100,74.38627435555341,111.76410835439953,32.92524933632528,4.0,24.96,-0.044877882095204234,-0.030364954322405685,-0.044877882095204234,151.03647863188152,151.03647863188152,0.0,0.0,0,0.9572930450999573,0.04270695490004278,23.41539948470922,0.9723602790180893,0.0,0.9734054824036055
lazy_0p95,0.95,1000000,0.4,251,OBM_RR,999000,100,74.38627435555341,111.76410835439953,35.7959883504104,7.000000000000001,26.97,0.13979969791608587,0.1455575879128962,0.13979969791608587,322.1754730507664,322.1754730507664,0.0,0.0,0,0.9572930450999573,0.04270695490004278,23.41539948470922,0.9723602790180893,0.0,1.0582763080218467
lazy_0p95,0.95,1000000,0.5,1000,OBM,999000,100,74.38627435555341,111.76410835439953,35.1502465809701,7.000000000000001,26.44,0.0906577497368913,0.10106877924485064,0.0906577497368913,218.11249993825538,218.11249993825538,0.0,0.0,0,0.9572930450999573,0.04270695490004278,23.41539948470922,0.9723602790180893,0.0,1.0391855314518812
lazy_0p95,0.95,1000000,0.5,1000,OBM_RR,999000,100,74.38627435555341,111.76410835439953,35.783512000027265,7.000000000000001,26.85,0.1365795949064328,0.1437132531351006,0.1365795949064328,365.62002247918747,365.62002247918747,0.0,0.0,0,0.9572930450999573,0.04270695490004278,23.41539948470922,0.9723602790180893,0.0,1.0579074559065818
lazy_0p95,0.95,1000000,0.6,3981,OBM,999000,100,74.38627435555341,111.76410835439953,35.62955303049836,7.000000000000001,26.74,0.12364493812053692,0.13111355516639261,0.12364493812053692,330.6421524411776,330.6421524411776,0.0,0.0,0,0.9572930450999573,0.04270695490004278,23.41539948470922,0.9723602790180893,0.0,1.0533557969814265
lazy_0p95,0.95,1000000,0.6,3981,OBM_RR,999000,100,74.38627435555341,111.76410835439953,35.61723632069028,7.000000000000001,26.83,0.12073568514449616,0.13351872981740004,0.12073568514449616,516.4466979811161,516.4466979811161,0.0,0.0,0,0.9572930450999573,0.04270695490004278,23.41539948470922,0.9723602790180893,0.0,1.052991664496661
lazy_0p95,0.95,1000000,,0,ORACLE,999000,100,74.38627435555341,111.76410835439953,33.824803672796044,6.5,25.5,0.0,0.0,0.0,0.0,0.0,0.0,0.0,0,0.9572930450999573,0.04270695490004278,23.41539948470922,0.9723602790180893,0.0,1.0
