method,label,l2_mean_x1e3,width_mean_x1e3,coverage_pct,diverged,problem_seed,sigma_true,rr_alpha_1,rr_alpha_2,T,T_eff,n_traj,b_n,n_bootstrap,max_a_norm,max_rho,warn_unstable,warn_assumption
RR_BATCH,RR + batch means,3.1144119653587885,5.093917592101503,94.0,0,1843824993,1.7001381961701993,0.2,0.1,1000000,999000,100,3981,500,0.7788366723395868,0.9910725969960036,False,False
RR_ORACLE,RR + oracle variance,3.1145535618096027,5.113726006932913,95.0,0,1843824993,1.7001381961701993,0.2,0.1,1000000,999000,100,3981,500,0.7788366723395868,0.9910725969960036,False,False
RR_OBM,RR + OBM,3.1145535618096027,5.1073407220288765,95.0,0,1843824993,1.7001381961701993,0.2,0.1,1000000,999000,100,3981,500,0.7788366723395868,0.9910725969960036,False,False
RR_OBM_RR,RR + OBM-RR,3.1145535618096027,5.126596093851953,95.0,0,1843824993,1.7001381961701993,0.2,0.1,1000000,999000,100,3981,500,0.7788366723395868,0.9910725969960036,False,False
RR_MSB,RR + MSB,3.1145535618096027,5.050517364446267,94.0,0,1843824993,1.7001381961701993,0.2,0.1,1000000,999000,100,3981,500,0.7788366723395868,0.9910725969960036,False,False
RR_BATCH,RR + batch means,3.5142449094512505,6.7662221651724686,93.0,0,275121931,3.0829958319904613,0.2,0.1,1000000,999000,100,3981,500,0.5797995358321507,0.9809040601384286,False,False
RR_ORACLE,RR + oracle variance,3.514261758707392,6.886234555851997,93.0,0,275121931,3.0829958319904613,0.2,0.1,1000000,999000,100,3981,500,0.5797995358321507,0.9809040601384286,False,False
RR_OBM,RR + OBM,3.514261758707392,6.835848659128201,94.0,0,275121931,3.0829958319904613,0.2,0.1,1000000,999000,100,3981,500,0.5797995358321507,0.9809040601384286,False,False
RR_OBM_RR,RR + OBM-RR,3.514261758707392,6.8091847071688045,94.0,0,275121931,3.0829958319904613,0.2,0.1,1000000,999000,100,3981,500,0.5797995358321507,0.9809040601384286,False,False
RR_MSB,RR + MSB,3.514261758707392,6.747319425743406,93.0,0,275121931,3.0829958319904613,0.2,0.1,1000000,999000,100,3981,500,0.5797995358321507,0.9809040601384286,False,False
RR_BATCH,RR + batch means,2.604068146505295,5.401313090428219,96.0,0,432652533,1.9611068538101502,0.2,0.1,1000000,999000,100,3981,500,0.7171510190072995,0.9811557567616923,False,False
RR_ORACLE,RR + oracle variance,2.6040235525350313,5.492195289378146,97.0,0,432652533,1.9611068538101502,0.2,0.1,1000000,999000,100,3981,500,0.7171510190072995,0.9811557567616923,False,False
RR_OBM,RR + OBM,2.6040235525350313,5.45820636717675,97.0,0,432652533,1.9611068538101502,0.2,0.1,1000000,999000,100,3981,500,0.7171510190072995,0.9811557567616923,False,False
RR_OBM_RR,RR + OBM-RR,2.6040235525350313,5.427577248956589,96.0,0,432652533,1.9611068538101502,0.2,0.1,1000000,999000,100,3981,500,0.7171510190072995,0.9811557567616923,False,False
RR_MSB,RR + MSB,2.6040235525350313,5.4303644338004,95.0,0,432652533,1.9611068538101502,0.2,0.1,1000000,999000,100,3981,500,0.7171510190072995,0.9811557567616923,False,False
RR_BATCH,RR + batch means,2.9370883310300444,6.586584889600371,95.0,0,1580016184,2.9767465568954146,0.2,0.1,1000000,999000,100,3981,500,0.693869447479337,0.9799992470541787,False,False
RR_ORACLE,RR + oracle variance,2.9368077899182796,6.766534065168233,97.0,0,1580016184,2.9767465568954146,0.2,0.1,1000000,999000,100,3981,500,0.693869447479337,0.9799992470541787,False,False
RR_OBM,RR + OBM,2.9368077899182796,6.707134469780329,96.0,0,1580016184,2.9767465568954146,0.2,0.1,1000000,999000,100,3981,500,0.693869447479337,0.9799992470541787,False,False
RR_OBM_RR,RR + OBM-RR,2.9368077899182796,6.648299622967013,96.0,0,1580016184,2.9767465568954146,0.2,0.1,1000000,999000,100,3981,500,0.693869447479337,0.9799992470541787,False,False
RR_MSB,RR + MSB,2.9368077899182796,6.678994243463348,97.0,0,1580016184,2.9767465568954146,0.2,0.1,1000000,999000,100,3981,500,0.693869447479337,0.9799992470541787,False,False
RR_BATCH,RR + batch means,2.9903511832184977,4.682155446925921,94.0,0,1688060241,1.4441085443788395,0.2,0.1,1000000,999000,100,3981,500,0.8471715979797765,0.97691339865281,False,False
RR_ORACLE,RR + oracle variance,2.9905434662268644,4.712976359960332,96.0,0,1688060241,1.4441085443788395,0.2,0.1,1000000,999000,100,3981,500,0.8471715979797765,0.97691339865281,False,False
RR_OBM,RR + OBM,2.9905434662268644,4.690270277189991,95.0,0,1688060241,1.4441085443788395,0.2,0.1,1000000,999000,100,3981,500,0.8471715979797765,0.97691339865281,False,False
RR_OBM_RR,RR + OBM-RR,2.9905434662268644,4.662754868343948,95.0,0,1688060241,1.4441085443788395,0.2,0.1,1000000,999000,100,3981,500,0.8471715979797765,0.97691339865281,False,False
RR_MSB,RR + MSB,2.9905434662268644,4.685889190859886,95.0,0,1688060241,1.4441085443788395,0.2,0.1,1000000,999000,100,3981,500,0.8471715979797765,0.97691339865281,False,False
RR_BATCH,RR + batch means,2.6852608938951907,5.8024051571159285,91.0,0,1130604998,2.1629023445129523,0.2,0.1,1000000,999000,100,3981,500,0.8180013399446049,0.9648496803828693,False,False
RR_ORACLE,RR + oracle variance,2.6852805403439204,5.767847885281381,90.0,0,1130604998,2.1629023445129523,0.2,0.1,1000000,999000,100,3981,500,0.8180013399446049,0.9648496803828693,False,False
RR_OBM,RR + OBM,2.6852805403439204,5.76683731234017,92.0,0,1130604998,2.1629023445129523,0.2,0.1,1000000,999000,100,3981,500,0.8180013399446049,0.9648496803828693,False,False
RR_OBM_RR,RR + OBM-RR,2.6852805403439204,5.802320450100353,94.0,0,1130604998,2.1629023445129523,0.2,0.1,1000000,999000,100,3981,500,0.8180013399446049,0.9648496803828693,False,False
RR_MSB,RR + MSB,2.6852805403439204,5.744866164467748,91.0,0,1130604998,2.1629023445129523,0.2,0.1,1000000,999000,100,3981,500,0.8180013399446049,0.9648496803828693,False,False
RR_BATCH,RR + batch means,3.36335673810147,10.68233492523011,98.0,0,2095133046,7.757954275853825,0.2,0.1,1000000,999000,100,3981,500,0.7856952072177379,0.9732366535263169,False,False
RR_ORACLE,RR + oracle variance,3.363217558136566,10.923679522413218,98.0,0,2095133046,7.757954275853825,0.2,0.1,1000000,999000,100,3981,500,0.7856952072177379,0.9732366535263169,False,False
RR_OBM,RR + OBM,3.363217558136566,10.809570989058765,98.0,0,2095133046,7.757954275853825,0.2,0.1,1000000,999000,100,3981,500,0.7856952072177379,0.9732366535263169,False,False
RR_OBM_RR,RR + OBM-RR,3.363217558136566,10.719655669863007,98.0,0,2095133046,7.757954275853825,0.2,0.1,1000000,999000,100,3981,500,0.7856952072177379,0.9732366535263169,False,False
RR_MSB,RR + MSB,3.363217558136566,10.679119509842117,98.0,0,2095133046,7.757954275853825,0.2,0.1,1000000,999000,100,3981,500,0.7856952072177379,0.9732366535263169,False,False
RR_BATCH,RR + batch means,3.6380849149430423,6.68057156887954,94.0,0,392022359,2.967907203679725,0.2,0.1,1000000,999000,100,3981,500,0.724357336895496,0.9891818939270395,False,False
RR_ORACLE,RR + oracle variance,3.6383087257312834,6.756480093181509,95.0,0,392022359,2.967907203679725,0.2,0.1,1000000,999000,100,3981,500,0.724357336895496,0.9891818939270395,False,False
RR_OBM,RR + OBM,3.6383087257312834,6.688377740287884,95.0,0,392022359,2.967907203679725,0.2,0.1,1000000,999000,100,3981,500,0.724357336895496,0.9891818939270395,False,False
RR_OBM_RR,RR + OBM-RR,3.6383087257312834,6.7025977456254004,94.0,0,392022359,2.967907203679725,0.2,0.1,1000000,999000,100,3981,500,0.724357336895496,0.9891818939270395,False,False
RR_MSB,RR + MSB,3.6383087257312834,6.564274815545394,96.0,0,392022359,2.967907203679725,0.2,0.1,1000000,999000,100,3981,500,0.724357336895496,0.9891818939270395,False,False
RR_BATCH,RR + batch means,2.682996616126847,3.755468862870716,92.0,0,929893138,0.9084848316243732,0.2,0.1,1000000,999000,100,3981,500,0.7969711608066093,0.9611676845272247,False,False
RR_ORACLE,RR + oracle variance,2.683012882493478,3.738128125348646,94.0,0,929893138,0.9084848316243732,0.2,0.1,1000000,999000,100,3981,500,0.7969711608066093,0.9611676845272247,False,False
RR_OBM,RR + OBM,2.683012882493478,3.7360515029374914,94.0,0,929893138,0.9084848316243732,0.2,0.1,1000000,999000,100,3981,500,0.7969711608066093,0.9611676845272247,False,False
RR_OBM_RR,RR + OBM-RR,2.683012882493478,3.7430632219917,94.0,0,929893138,0.9084848316243732,0.2,0.1,1000000,999000,100,3981,500,0.7969711608066093,0.9611676845272247,False,False
RR_MSB,RR + MSB,2.683012882493478,3.709418094382144,93.0,0,929893138,0.9084848316243732,0.2,0.1,1000000,999000,100,3981,500,0.7969711608066093,0.9611676845272247,False,False
RR_BATCH,RR + batch means,2.777601274892671,6.101801707265416,97.0,0,1497586439,2.482036996357162,0.2,0.1,1000000,999000,100,3981,500,0.7570355025661545,0.9546844288686142,False,False
RR_ORACLE,RR + oracle variance,2.7773586260848138,6.178733559572031,95.0,0,1497586439,2.482036996357162,0.2,0.1,1000000,999000,100,3981,500,0.7570355025661545,0.9546844288686142,False,False
RR_OBM,RR + OBM,2.7773586260848138,6.118757236165337,94.0,0,1497586439,2.482036996357162,0.2,0.1,1000000,999000,100,3981,500,0.7570355025661545,0.9546844288686142,False,False
RR_OBM_RR,RR + OBM-RR,2.7773586260848138,6.116681786103136,94.0,0,1497586439,2.482036996357162,0.2,0.1,1000000,999000,100,3981,500,0.7570355025661545,0.9546844288686142,False,False
RR_MSB,RR + MSB,2.7773586260848138,6.070473598780849,95.0,0,1497586439,2.482036996357162,0.2,0.1,1000000,999000,100,3981,500,0.7570355025661545,0.9546844288686142,False,False
RR_BATCH,RR + batch means,3.686304828009888,4.899733869781234,96.0,0,1662057958,1.6217304504020316,0.2,0.1,1000000,999000,100,3981,500,0.6790765424225903,0.9828583565537448,False,False
RR_ORACLE,RR + oracle variance,3.6860461374029687,4.9944155975551,98.0,0,1662057958,1.6217304504020316,0.2,0.1,1000000,999000,100,3981,500,0.6790765424225903,0.9828583565537448,False,False
RR_OBM,RR + OBM,3.6860461374029687,4.944942666420225,98.0,0,1662057958,1.6217304504020316,0.2,0.1,1000000,999000,100,3981,500,0.6790765424225903,0.9828583565537448,False,False
RR_OBM_RR,RR + OBM-RR,3.6860461374029687,4.883325545844363,97.0,0,1662057958,1.6217304504020316,0.2,0.1,1000000,999000,100,3981,500,0.6790765424225903,0.9828583565537448,False,False
RR_MSB,RR + MSB,3.6860461374029687,4.883720312527857,97.0,0,1662057958,1.6217304504020316,0.2,0.1,1000000,999000,100,3981,500,0.6790765424225903,0.9828583565537448,False,False
RR_BATCH,RR + batch means,3.1745021793939086,8.037760196992759,91.0,0,202244314,4.321050774280965,0.2,0.1,1000000,999000,100,3981,500,0.7861785897410013,0.9698795742731564,False,False
RR_ORACLE,RR + oracle variance,3.17491069011801,8.15248535500547,93.0,0,202244314,4.321050774280965,0.2,0.1,1000000,999000,100,3981,500,0.7861785897410013,0.9698795742731564,False,False
RR_OBM,RR + OBM,3.17491069011801,8.100234319823084,91.0,0,202244314,4.321050774280965,0.2,0.1,1000000,999000,100,3981,500,0.7861785897410013,0.9698795742731564,False,False
RR_OBM_RR,RR + OBM-RR,3.17491069011801,8.068653831257427,91.0,0,202244314,4.321050774280965,0.2,0.1,1000000,999000,100,3981,500,0.7861785897410013,0.9698795742731564,False,False
RR_MSB,RR + MSB,3.17491069011801,8.03235192802137,91.0,0,202244314,4.321050774280965,0.2,0.1,1000000,999000,100,3981,500,0.7861785897410013,0.9698795742731564,False,False
RR_BATCH,RR + batch means,3.709084594061248,4.6079483885243935,94.0,0,1634535063,1.4231973693020514,0.2,0.1,1000000,999000,100,3981,500,0.6945541001652723,0.9748787957217653,False,False
RR_ORACLE,RR + oracle variance,3.7091547690179993,4.678729192679846,94.0,0,1634535063,1.4231973693020514,0.2,0.1,1000000,999000,100,3981,500,0.6945541001652723,0.9748787957217653,False,False
RR_OBM,RR + OBM,3.7091547690179993,4.6476029970979855,95.0,0,1634535063,1.4231973693020514,0.2,0.1,1000000,999000,100,3981,500,0.6945541001652723,0.9748787957217653,False,False
RR_OBM_RR,RR + OBM-RR,3.7091547690179993,4.623945495147732,94.0,0,1634535063,1.4231973693020514,0.2,0.1,1000000,999000,100,3981,500,0.6945541001652723,0.9748787957217653,False,False
RR_MSB,RR + MSB,3.7091547690179993,4.602781639236364,94.0,0,1634535063,1.4231973693020514,0.2,0.1,1000000,999000,100,3981,500,0.6945541001652723,0.9748787957217653,False,False
RR_BATCH,RR + batch means,3.161874956776797,4.751623540441861,97.0,0,967196436,1.5225872863170185,0.2,0.1,1000000,999000,100,3981,500,0.71009375439602,0.9744737283784642,False,False
RR_ORACLE,RR + oracle variance,3.1616786350258437,4.839343415163555,96.0,0,967196436,1.5225872863170185,0.2,0.1,1000000,999000,100,3981,500,0.71009375439602,0.9744737283784642,False,False
RR_OBM,RR + OBM,3.1616786350258437,4.828440082934091,96.0,0,967196436,1.5225872863170185,0.2,0.1,1000000,999000,100,3981,500,0.71009375439602,0.9744737283784642,False,False
RR_OBM_RR,RR + OBM-RR,3.1616786350258437,4.766613030813171,96.0,0,967196436,1.5225872863170185,0.2,0.1,1000000,999000,100,3981,500,0.71009375439602,0.9744737283784642,False,False
RR_MSB,RR + MSB,3.1616786350258437,4.773289296283695,96.0,0,967196436,1.5225872863170185,0.2,0.1,1000000,999000,100,3981,500,0.71009375439602,0.9744737283784642,False,False
RR_BATCH,RR + batch means,3.000603102043283,7.248657255414153,91.0,0,796282693,3.4994070452205612,0.2,0.1,1000000,999000,100,3981,500,0.7676501965691008,0.9862118083480076,False,False
RR_ORACLE,RR + oracle variance,3.000509059334887,7.336561686623262,92.0,0,796282693,3.4994070452205612,0.2,0.1,1000000,999000,100,3981,500,0.7676501965691008,0.9862118083480076,False,False
RR_OBM,RR + OBM,3.000509059334887,7.302723283849285,91.0,0,796282693,3.4994070452205612,0.2,0.1,1000000,999000,100,3981,500,0.7676501965691008,0.9862118083480076,False,False
RR_OBM_RR,RR + OBM-RR,3.000509059334887,7.314256053093663,91.0,0,796282693,3.4994070452205612,0.2,0.1,1000000,999000,100,3981,500,0.7676501965691008,0.9862118083480076,False,False
RR_MSB,RR + MSB,3.000509059334887,7.2181383353289945,91.0,0,796282693,3.4994070452205612,0.2,0.1,1000000,999000,100,3981,500,0.7676501965691008,0.9862118083480076,False,False
RR_BATCH,RR + batch means,2.6559858701795673,5.697596167659323,94.0,0,942484272,2.1211773083799685,0.2,0.1,1000000,999000,100,3981,500,0.6856096098338498,0.9800598439929239,False,False
RR_ORACLE,RR + oracle variance,2.655773602762759,5.711942525406166,97.0,0,942484272,2.1211773083799685,0.2,0.1,1000000,999000,100,3981,500,0.6856096098338498,0.9800598439929239,False,False
RR_OBM,RR + OBM,2.655773602762759,5.689650460751615,96.0,0,942484272,2.1211773083799685,0.2,0.1,1000000,999000,100,3981,500,0.6856096098338498,0.9800598439929239,False,False
RR_OBM_RR,RR + OBM-RR,2.655773602762759,5.69859190596171,94.0,0,942484272,2.1211773083799685,0.2,0.1,1000000,999000,100,3981,500,0.6856096098338498,0.9800598439929239,False,False
RR_MSB,RR + MSB,2.655773602762759,5.633355135628655,95.0,0,942484272,2.1211773083799685,0.2,0.1,1000000,999000,100,3981,500,0.6856096098338498,0.9800598439929239,False,False
RR_BATCH,RR + batch means,2.419118385180072,5.576585806215519,95.0,0,1540770720,2.0848593466381438,0.2,0.1,1000000,999000,100,3981,500,0.8102771343106778,0.9821970848719925,False,False
RR_ORACLE,RR + oracle variance,2.4191137330462418,5.662832593427068,95.0,0,1540770720,2.0848593466381438,0.2,0.1,1000000,999000,100,3981,500,0.8102771343106778,0.9821970848719925,False,False
RR_OBM,RR + OBM,2.4191137330462418,5.59168022693724,96.0,0,1540770720,2.0848593466381438,0.2,0.1,1000000,999000,100,3981,500,0.8102771343106778,0.9821970848719925,False,False
RR_OBM_RR,RR + OBM-RR,2.4191137330462418,5.548363207210883,97.0,0,1540770720,2.0848593466381438,0.2,0.1,1000000,999000,100,3981,500,0.8102771343106778,0.9821970848719925,False,False
RR_MSB,RR + MSB,2.4191137330462418,5.541338864336579,94.0,0,1540770720,2.0848593466381438,0.2,0.1,1000000,999000,100,3981,500,0.8102771343106778,0.9821970848719925,False,False
RR_BATCH,RR + batch means,2.368506637832427,4.851244909990538,97.0,0,1803345591,1.560769649441434,0.2,0.1,1000000,999000,100,3981,500,0.7700944482408887,0.9718405574716356,False,False
RR_ORACLE,RR + oracle variance,2.3682805589920353,4.899646505979534,97.0,0,1803345591,1.560769649441434,0.2,0.1,1000000,999000,100,3981,500,0.7700944482408887,0.9718405574716356,False,False
RR_OBM,RR + OBM,2.3682805589920353,4.872240467159145,97.0,0,1803345591,1.560769649441434,0.2,0.1,1000000,999000,100,3981,500,0.7700944482408887,0.9718405574716356,False,False
RR_OBM_RR,RR + OBM-RR,2.3682805589920353,4.852912792197818,97.0,0,1803345591,1.560769649441434,0.2,0.1,1000000,999000,100,3981,500,0.7700944482408887,0.9718405574716356,False,False
RR_MSB,RR + MSB,2.3682805589920353,4.844818506878421,97.0,0,1803345591,1.560769649441434,0.2,0.1,1000000,999000,100,3981,500,0.7700944482408887,0.9718405574716356,False,False
RR_BATCH,RR + batch means,1.98539880748502,4.3119856961112735,96.0,0,1990212659,1.288161905605608,0.2,0.1,1000000,999000,100,3981,500,0.8433534285194172,0.9410252605005613,False,False
RR_ORACLE,RR + oracle variance,1.985481818525502,4.451235464030127,97.0,0,1990212659,1.288161905605608,0.2,0.1,1000000,999000,100,3981,500,0.8433534285194172,0.9410252605005613,False,False
RR_OBM,RR + OBM,1.985481818525502,4.399999945499588,97.0,0,1990212659,1.288161905605608,0.2,0.1,1000000,999000,100,3981,500,0.8433534285194172,0.9410252605005613,False,False
RR_OBM_RR,RR + OBM-RR,1.985481818525502,4.359956450753111,96.0,0,1990212659,1.288161905605608,0.2,0.1,1000000,999000,100,3981,500,0.8433534285194172,0.9410252605005613,False,False
RR_MSB,RR + MSB,1.985481818525502,4.357544569963604,98.0,0,1990212659,1.288161905605608,0.2,0.1,1000000,999000,100,3981,500,0.8433534285194172,0.9410252605005613,False,False
RR_BATCH,RR + batch means,2.497201241207602,3.877143891948396,97.0,0,1074497556,0.9918530277480927,0.2,0.1,1000000,999000,100,3981,500,0.782542343257498,0.9631394294138098,False,False
RR_ORACLE,RR + oracle variance,2.4974425479307483,3.9058809704413173,97.0,0,1074497556,0.9918530277480927,0.2,0.1,1000000,999000,100,3981,500,0.782542343257498,0.9631394294138098,False,False
RR_OBM,RR + OBM,2.4974425479307483,3.8885381039879126,97.0,0,1074497556,0.9918530277480927,0.2,0.1,1000000,999000,100,3981,500,0.782542343257498,0.9631394294138098,False,False
RR_OBM_RR,RR + OBM-RR,2.4974425479307483,3.874257342561285,96.0,0,1074497556,0.9918530277480927,0.2,0.1,1000000,999000,100,3981,500,0.782542343257498,0.9631394294138098,False,False
RR_MSB,RR + MSB,2.4974425479307483,3.834826419101991,95.0,0,1074497556,0.9918530277480927,0.2,0.1,1000000,999000,100,3981,500,0.782542343257498,0.9631394294138098,False,False
RR_BATCH,RR + batch means,3.0603433799348605,5.627110102369924,93.0,0,184566854,2.1112269925914977,0.2,0.1,1000000,999000,100,3981,500,0.7491233564398936,0.9591915905840974,False,False
RR_ORACLE,RR + oracle variance,3.060796812925291,5.6985295868464805,97.0,0,184566854,2.1112269925914977,0.2,0.1,1000000,999000,100,3981,500,0.7491233564398936,0.9591915905840974,False,False
RR_OBM,RR + OBM,3.060796812925291,5.692677459755367,96.0,0,184566854,2.1112269925914977,0.2,0.1,1000000,999000,100,3981,500,0.7491233564398936,0.9591915905840974,False,False
RR_OBM_RR,RR + OBM-RR,3.060796812925291,5.68229873840562,93.0,0,184566854,2.1112269925914977,0.2,0.1,1000000,999000,100,3981,500,0.7491233564398936,0.9591915905840974,False,False
RR_MSB,RR + MSB,3.060796812925291,5.602924764442636,93.0,0,184566854,2.1112269925914977,0.2,0.1,1000000,999000,100,3981,500,0.7491233564398936,0.9591915905840974,False,False
RR_BATCH,RR + batch means,4.100465284916488,6.86083270127257,92.0,0,1102145673,3.154660057345609,0.2,0.1,1000000,999000,100,3981,500,0.7767013668421681,0.9865087667766611,False,False
RR_ORACLE,RR + oracle variance,4.100279223335807,6.965810026382472,94.0,0,1102145673,3.154660057345609,0.2,0.1,1000000,999000,100,3981,500,0.7767013668421681,0.9865087667766611,False,False
RR_OBM,RR + OBM,4.100279223335807,6.949250105249465,93.0,0,1102145673,3.154660057345609,0.2,0.1,1000000,999000,100,3981,500,0.7767013668421681,0.9865087667766611,False,False
RR_OBM_RR,RR + OBM-RR,4.100279223335807,6.886652032431979,92.0,0,1102145673,3.154660057345609,0.2,0.1,1000000,999000,100,3981,500,0.7767013668421681,0.9865087667766611,False,False
RR_MSB,RR + MSB,4.100279223335807,6.873828509467713,94.0,0,1102145673,3.154660057345609,0.2,0.1,1000000,999000,100,3981,500,0.7767013668421681,0.9865087667766611,False,False
RR_BATCH,RR + batch means,2.611364277598413,4.049010916122896,96.0,0,1405681632,1.0944420187069794,0.2,0.1,1000000,999000,100,3981,500,0.6723387524196869,0.9608867344989493,False,False
RR_ORACLE,RR + oracle variance,2.6112622990209404,4.10290746125677,97.0,0,1405681632,1.0944420187069794,0.2,0.1,1000000,999000,100,3981,500,0.6723387524196869,0.9608867344989493,False,False
RR_OBM,RR + OBM,2.6112622990209404,4.0871326990396755,97.0,0,1405681632,1.0944420187069794,0.2,0.1,1000000,999000,100,3981,500,0.6723387524196869,0.9608867344989493,False,False
RR_OBM_RR,RR + OBM-RR,2.6112622990209404,4.087951374857754,97.0,0,1405681632,1.0944420187069794,0.2,0.1,1000000,999000,100,3981,500,0.6723387524196869,0.9608867344989493,False,False
RR_MSB,RR + MSB,2.6112622990209404,4.031492945372339,97.0,0,1405681632,1.0944420187069794,0.2,0.1,1000000,999000,100,3981,500,0.6723387524196869,0.9608867344989493,False,False
RR_BATCH,RR + batch means,3.066000955754292,7.33898086202605,95.0,0,191664964,3.6494337442282094,0.2,0.1,1000000,999000,100,3981,500,0.6170130688482545,0.9783108365748661,False,False
RR_ORACLE,RR + oracle variance,3.0658014579527455,7.492177955690638,95.0,0,191664964,3.6494337442282094,0.2,0.1,1000000,999000,100,3981,500,0.6170130688482545,0.9783108365748661,False,False
RR_OBM,RR + OBM,3.0658014579527455,7.454079740072775,95.0,0,191664964,3.6494337442282094,0.2,0.1,1000000,999000,100,3981,500,0.6170130688482545,0.9783108365748661,False,False
RR_OBM_RR,RR + OBM-RR,3.0658014579527455,7.4082925318139345,95.0,0,191664964,3.6494337442282094,0.2,0.1,1000000,999000,100,3981,500,0.6170130688482545,0.9783108365748661,False,False
RR_MSB,RR + MSB,3.0658014579527455,7.350826658562806,95.0,0,191664964,3.6494337442282094,0.2,0.1,1000000,999000,100,3981,500,0.6170130688482545,0.9783108365748661,False,False
RR_BATCH,RR + batch means,2.3921215456864573,3.290891199233088,94.0,0,864178267,0.7480735775826947,0.2,0.1,1000000,999000,100,3981,500,0.8160020274446405,0.9722262482260365,False,False
RR_ORACLE,RR + oracle variance,2.3922632589759996,3.3920910445014885,95.0,0,864178267,0.7480735775826947,0.2,0.1,1000000,999000,100,3981,500,0.8160020274446405,0.9722262482260365,False,False
RR_OBM,RR + OBM,2.3922632589759996,3.363938044439429,95.0,0,864178267,0.7480735775826947,0.2,0.1,1000000,999000,100,3981,500,0.8160020274446405,0.9722262482260365,False,False
RR_OBM_RR,RR + OBM-RR,2.3922632589759996,3.352395428060227,95.0,0,864178267,0.7480735775826947,0.2,0.1,1000000,999000,100,3981,500,0.8160020274446405,0.9722262482260365,False,False
RR_MSB,RR + MSB,2.3922632589759996,3.3409253048586374,95.0,0,864178267,0.7480735775826947,0.2,0.1,1000000,999000,100,3981,500,0.8160020274446405,0.9722262482260365,False,False
RR_BATCH,RR + batch means,2.158423405117191,5.384003052823585,94.0,0,967354525,1.970912519537936,0.2,0.1,1000000,999000,100,3981,500,0.7755973481799772,0.9446797600389772,False,False
RR_ORACLE,RR + oracle variance,2.158208750004775,5.505908840885955,95.0,0,967354525,1.970912519537936,0.2,0.1,1000000,999000,100,3981,500,0.7755973481799772,0.9446797600389772,False,False
RR_OBM,RR + OBM,2.158208750004775,5.464447921910801,95.0,0,967354525,1.970912519537936,0.2,0.1,1000000,999000,100,3981,500,0.7755973481799772,0.9446797600389772,False,False
RR_OBM_RR,RR + OBM-RR,2.158208750004775,5.43828363664998,95.0,0,967354525,1.970912519537936,0.2,0.1,1000000,999000,100,3981,500,0.7755973481799772,0.9446797600389772,False,False
RR_MSB,RR + MSB,2.158208750004775,5.405477473226271,95.0,0,967354525,1.970912519537936,0.2,0.1,1000000,999000,100,3981,500,0.7755973481799772,0.9446797600389772,False,False
RR_BATCH,RR + batch means,2.8712827345579215,4.76487613250726,96.0,0,952224741,1.5701323961864633,0.2,0.1,1000000,999000,100,3981,500,0.7938242041958898,0.974776274450555,False,False
RR_ORACLE,RR + oracle variance,2.871521488007805,4.914320534750519,96.0,0,952224741,1.5701323961864633,0.2,0.1,1000000,999000,100,3981,500,0.7938242041958898,0.974776274450555,False,False
RR_OBM,RR + OBM,2.871521488007805,4.8734264381568,96.0,0,952224741,1.5701323961864633,0.2,0.1,1000000,999000,100,3981,500,0.7938242041958898,0.974776274450555,False,False
RR_OBM_RR,RR + OBM-RR,2.871521488007805,4.780843773829044,95.0,0,952224741,1.5701323961864633,0.2,0.1,1000000,999000,100,3981,500,0.7938242041958898,0.974776274450555,False,False
RR_MSB,RR + MSB,2.871521488007805,4.79912565638863,96.0,0,952224741,1.5701323961864633,0.2,0.1,1000000,999000,100,3981,500,0.7938242041958898,0.974776274450555,False,False
RR_BATCH,RR + batch means,3.0318789550115186,4.731435465240829,91.0,0,1382689816,1.4935088068017774,0.2,0.1,1000000,999000,100,3981,500,0.7014268498840708,0.983754894179103,False,False
RR_ORACLE,RR + oracle variance,3.0319340193660977,4.7929095861483955,91.0,0,1382689816,1.4935088068017774,0.2,0.1,1000000,999000,100,3981,500,0.7014268498840708,0.983754894179103,False,False
RR_OBM,RR + OBM,3.0319340193660977,4.750304303830241,91.0,0,1382689816,1.4935088068017774,0.2,0.1,1000000,999000,100,3981,500,0.7014268498840708,0.983754894179103,False,False
RR_OBM_RR,RR + OBM-RR,3.0319340193660977,4.747942033184318,92.0,0,1382689816,1.4935088068017774,0.2,0.1,1000000,999000,100,3981,500,0.7014268498840708,0.983754894179103,False,False
RR_MSB,RR + MSB,3.0319340193660977,4.7191965463580505,92.0,0,1382689816,1.4935088068017774,0.2,0.1,1000000,999000,100,3981,500,0.7014268498840708,0.983754894179103,False,False
RR_BATCH,RR + batch means,2.7945003847640693,3.869232718562781,97.0,0,1678403331,1.0130933577483543,0.2,0.1,1000000,999000,100,3981,500,0.8130787548824936,0.9704160595057733,False,False
RR_ORACLE,RR + oracle variance,2.7947057659844114,3.9474812563843393,96.0,0,1678403331,1.0130933577483543,0.2,0.1,1000000,999000,100,3981,500,0.8130787548824936,0.9704160595057733,False,False
RR_OBM,RR + OBM,2.7947057659844114,3.918066649139765,96.0,0,1678403331,1.0130933577483543,0.2,0.1,1000000,999000,100,3981,500,0.8130787548824936,0.9704160595057733,False,False
RR_OBM_RR,RR + OBM-RR,2.7947057659844114,3.8828174756786167,96.0,0,1678403331,1.0130933577483543,0.2,0.1,1000000,999000,100,3981,500,0.8130787548824936,0.9704160595057733,False,False
RR_MSB,RR + MSB,2.7947057659844114,3.880409208365228,96.0,0,1678403331,1.0130933577483543,0.2,0.1,1000000,999000,100,3981,500,0.8130787548824936,0.9704160595057733,False,False
RR_BATCH,RR + batch means,2.155633780247528,4.256775745332351,85.0,0,1171300113,1.2144267650326144,0.2,0.1,1000000,999000,100,3981,500,0.7602631152445626,0.9706581183138677,False,False
RR_ORACLE,RR + oracle variance,2.1555527942824977,4.321962632356018,87.0,0,1171300113,1.2144267650326144,0.2,0.1,1000000,999000,100,3981,500,0.7602631152445626,0.9706581183138677,False,False
RR_OBM,RR + OBM,2.1555527942824977,4.292729332591239,86.0,0,1171300113,1.2144267650326144,0.2,0.1,1000000,999000,100,3981,500,0.7602631152445626,0.9706581183138677,False,False
RR_OBM_RR,RR + OBM-RR,2.1555527942824977,4.279438836903986,86.0,0,1171300113,1.2144267650326144,0.2,0.1,1000000,999000,100,3981,500,0.7602631152445626,0.9706581183138677,False,False
RR_MSB,RR + MSB,2.1555527942824977,4.264444818191899,86.0,0,1171300113,1.2144267650326144,0.2,0.1,1000000,999000,100,3981,500,0.7602631152445626,0.9706581183138677,False,False
RR_BATCH,RR + batch means,3.0568348092483117,6.04471465663434,95.0,0,1766867110,2.461885435521448,0.2,0.1,1000000,999000,100,3981,500,0.7862294349166898,0.966528381029845,False,False
RR_ORACLE,RR + oracle variance,3.0570034336902014,6.153599993513491,94.0,0,1766867110,2.461885435521448,0.2,0.1,1000000,999000,100,3981,500,0.7862294349166898,0.966528381029845,False,False
RR_OBM,RR + OBM,3.0570034336902014,6.118722090502543,93.0,0,1766867110,2.461885435521448,0.2,0.1,1000000,999000,100,3981,500,0.7862294349166898,0.966528381029845,False,False
RR_OBM_RR,RR + OBM-RR,3.0570034336902014,6.074854731438114,94.0,0,1766867110,2.461885435521448,0.2,0.1,1000000,999000,100,3981,500,0.7862294349166898,0.966528381029845,False,False
RR_MSB,RR + MSB,3.0570034336902014,6.024102264692312,94.0,0,1766867110,2.461885435521448,0.2,0.1,1000000,999000,100,3981,500,0.7862294349166898,0.966528381029845,False,False
RR_BATCH,RR + batch means,4.023598209494493,3.99166420703596,99.0,0,1190961761,1.0578529340808747,0.2,0.1,1000000,999000,100,3981,500,0.7727634973220407,0.9846966062055065,False,False
RR_ORACLE,RR + oracle variance,4.023192713099105,4.033740820069138,99.0,0,1190961761,1.0578529340808747,0.2,0.1,1000000,999000,100,3981,500,0.7727634973220407,0.9846966062055065,False,False
RR_OBM,RR + OBM,4.023192713099105,4.065802091714974,99.0,0,1190961761,1.0578529340808747,0.2,0.1,1000000,999000,100,3981,500,0.7727634973220407,0.9846966062055065,False,False
RR_OBM_RR,RR + OBM-RR,4.023192713099105,4.039354580720216,99.0,0,1190961761,1.0578529340808747,0.2,0.1,1000000,999000,100,3981,500,0.7727634973220407,0.9846966062055065,False,False
RR_MSB,RR + MSB,4.023192713099105,4.036385879340482,99.0,0,1190961761,1.0578529340808747,0.2,0.1,1000000,999000,100,3981,500,0.7727634973220407,0.9846966062055065,False,False
RR_BATCH,RR + batch means,2.9942617742740634,6.222723203071699,95.0,0,1906728919,2.4702153729064475,0.2,0.1,1000000,999000,100,3981,500,0.840954022969886,0.9673394202974377,False,False
RR_ORACLE,RR + oracle variance,2.9945644444058606,6.1640017399829885,95.0,0,1906728919,2.4702153729064475,0.2,0.1,1000000,999000,100,3981,500,0.840954022969886,0.9673394202974377,False,False
RR_OBM,RR + OBM,2.9945644444058606,6.126908642581417,95.0,0,1906728919,2.4702153729064475,0.2,0.1,1000000,999000,100,3981,500,0.840954022969886,0.9673394202974377,False,False
RR_OBM_RR,RR + OBM-RR,2.9945644444058606,6.158236934536067,95.0,0,1906728919,2.4702153729064475,0.2,0.1,1000000,999000,100,3981,500,0.840954022969886,0.9673394202974377,False,False
RR_MSB,RR + MSB,2.9945644444058606,6.093400832037594,94.0,0,1906728919,2.4702153729064475,0.2,0.1,1000000,999000,100,3981,500,0.840954022969886,0.9673394202974377,False,False
RR_BATCH,RR + batch means,2.988069092173261,4.760545114737751,95.0,0,197860369,1.526526566184373,0.2,0.1,1000000,999000,100,3981,500,0.712148603784999,0.9743046378159217,False,False
RR_ORACLE,RR + oracle variance,2.987943948556286,4.845599612677247,94.0,0,197860369,1.526526566184373,0.2,0.1,1000000,999000,100,3981,500,0.712148603784999,0.9743046378159217,False,False
RR_OBM,RR + OBM,2.987943948556286,4.806013719965005,94.0,0,197860369,1.526526566184373,0.2,0.1,1000000,999000,100,3981,500,0.712148603784999,0.9743046378159217,False,False
RR_OBM_RR,RR + OBM-RR,2.987943948556286,4.795763718778352,96.0,0,197860369,1.526526566184373,0.2,0.1,1000000,999000,100,3981,500,0.712148603784999,0.9743046378159217,False,False
RR_MSB,RR + MSB,2.987943948556286,4.747586992299383,95.0,0,197860369,1.526526566184373,0.2,0.1,1000000,999000,100,3981,500,0.712148603784999,0.9743046378159217,False,False
RR_BATCH,RR + batch means,2.31777868432403,2.5911193783969315,93.0,0,594336918,0.4439071282822261,0.2,0.1,1000000,999000,100,3981,500,0.7276265850596422,0.9523667283337245,False,False
RR_ORACLE,RR + oracle variance,2.3174796559934556,2.613011987282245,95.0,0,594336918,0.4439071282822261,0.2,0.1,1000000,999000,100,3981,500,0.7276265850596422,0.9523667283337245,False,False
RR_OBM,RR + OBM,2.3174796559934556,2.607319046504717,94.0,0,594336918,0.4439071282822261,0.2,0.1,1000000,999000,100,3981,500,0.7276265850596422,0.9523667283337245,False,False
RR_OBM_RR,RR + OBM-RR,2.3174796559934556,2.60767945647507,94.0,0,594336918,0.4439071282822261,0.2,0.1,1000000,999000,100,3981,500,0.7276265850596422,0.9523667283337245,False,False
RR_MSB,RR + MSB,2.3174796559934556,2.5746804793702616,93.0,0,594336918,0.4439071282822261,0.2,0.1,1000000,999000,100,3981,500,0.7276265850596422,0.9523667283337245,False,False
RR_BATCH,RR + batch means,2.7999207621233313,2.98028458749776,92.0,0,487991439,0.5788421349952112,0.2,0.1,1000000,999000,100,3981,500,0.7499907647920281,0.9684521682237308,False,False
RR_ORACLE,RR + oracle variance,2.7999605278109763,2.983839170810711,91.0,0,487991439,0.5788421349952112,0.2,0.1,1000000,999000,100,3981,500,0.7499907647920281,0.9684521682237308,False,False
RR_OBM,RR + OBM,2.7999605278109763,2.993287669477568,92.0,0,487991439,0.5788421349952112,0.2,0.1,1000000,999000,100,3981,500,0.7499907647920281,0.9684521682237308,False,False
RR_OBM_RR,RR + OBM-RR,2.7999605278109763,2.997089473788539,92.0,0,487991439,0.5788421349952112,0.2,0.1,1000000,999000,100,3981,500,0.7499907647920281,0.9684521682237308,False,False
RR_MSB,RR + MSB,2.7999605278109763,2.9622012679219543,92.0,0,487991439,0.5788421349952112,0.2,0.1,1000000,999000,100,3981,500,0.7499907647920281,0.9684521682237308,False,False
RR_BATCH,RR + batch means,3.586594850180694,6.922746414277478,92.0,0,354826746,3.1441445040209923,0.2,0.1,1000000,999000,100,3981,500,0.6751285977489111,0.9896895517092816,False,False
RR_ORACLE,RR + oracle variance,3.587000768560232,6.954190630213911,96.0,0,354826746,3.1441445040209923,0.2,0.1,1000000,999000,100,3981,500,0.6751285977489111,0.9896895517092816,False,False
RR_OBM,RR + OBM,3.587000768560232,6.934749585855668,96.0,0,354826746,3.1441445040209923,0.2,0.1,1000000,999000,100,3981,500,0.6751285977489111,0.9896895517092816,False,False
RR_OBM_RR,RR + OBM-RR,3.587000768560232,6.9432894740399576,95.0,0,354826746,3.1441445040209923,0.2,0.1,1000000,999000,100,3981,500,0.6751285977489111,0.9896895517092816,False,False
RR_MSB,RR + MSB,3.587000768560232,6.932609031201616,97.0,0,354826746,3.1441445040209923,0.2,0.1,1000000,999000,100,3981,500,0.6751285977489111,0.9896895517092816,False,False
RR_BATCH,RR + batch means,2.6594619645778006,4.579355631449635,90.0,0,1843166519,1.3821944944951714,0.2,0.1,1000000,999000,100,3981,500,0.7978711813536549,0.9687988672836144,False,False
RR_ORACLE,RR + oracle variance,2.6596317718016262,4.610838618292477,92.0,0,1843166519,1.3821944944951714,0.2,0.1,1000000,999000,100,3981,500,0.7978711813536549,0.9687988672836144,False,False
RR_OBM,RR + OBM,2.6596317718016262,4.59270258418385,91.0,0,1843166519,1.3821944944951714,0.2,0.1,1000000,999000,100,3981,500,0.7978711813536549,0.9687988672836144,False,False
RR_OBM_RR,RR + OBM-RR,2.6596317718016262,4.593358298083912,91.0,0,1843166519,1.3821944944951714,0.2,0.1,1000000,999000,100,3981,500,0.7978711813536549,0.9687988672836144,False,False
RR_MSB,RR + MSB,2.6596317718016262,4.5221862526270025,92.0,0,1843166519,1.3821944944951714,0.2,0.1,1000000,999000,100,3981,500,0.7978711813536549,0.9687988672836144,False,False
RR_BATCH,RR + batch means,3.32402841838074,5.5763303196687986,92.0,0,1356488968,2.0826256161997465,0.2,0.1,1000000,999000,100,3981,500,0.7032738151997727,0.9694387541389551,False,False
RR_ORACLE,RR + oracle variance,3.32374332296464,5.659798184538556,95.0,0,1356488968,2.0826256161997465,0.2,0.1,1000000,999000,100,3981,500,0.7032738151997727,0.9694387541389551,False,False
RR_OBM,RR + OBM,3.32374332296464,5.627490760035309,95.0,0,1356488968,2.0826256161997465,0.2,0.1,1000000,999000,100,3981,500,0.7032738151997727,0.9694387541389551,False,False
RR_OBM_RR,RR + OBM-RR,3.32374332296464,5.625733868421029,95.0,0,1356488968,2.0826256161997465,0.2,0.1,1000000,999000,100,3981,500,0.7032738151997727,0.9694387541389551,False,False
RR_MSB,RR + MSB,3.32374332296464,5.550649008530612,94.0,0,1356488968,2.0826256161997465,0.2,0.1,1000000,999000,100,3981,500,0.7032738151997727,0.9694387541389551,False,False
RR_BATCH,RR + batch means,3.569224402453088,5.193935267416645,92.0,0,137046513,1.731572060392841,0.2,0.1,1000000,999000,100,3981,500,0.7744613768105492,0.9840899487630653,False,False
RR_ORACLE,RR + oracle variance,3.5691049219069826,5.160783346062819,93.0,0,137046513,1.731572060392841,0.2,0.1,1000000,999000,100,3981,500,0.7744613768105492,0.9840899487630653,False,False
RR_OBM,RR + OBM,3.5691049219069826,5.162056214176564,92.0,0,137046513,1.731572060392841,0.2,0.1,1000000,999000,100,3981,500,0.7744613768105492,0.9840899487630653,False,False
RR_OBM_RR,RR + OBM-RR,3.5691049219069826,5.171025125309338,92.0,0,137046513,1.731572060392841,0.2,0.1,1000000,999000,100,3981,500,0.7744613768105492,0.9840899487630653,False,False
RR_MSB,RR + MSB,3.5691049219069826,5.107191806703707,91.0,0,137046513,1.731572060392841,0.2,0.1,1000000,999000,100,3981,500,0.7744613768105492,0.9840899487630653,False,False
RR_BATCH,RR + batch means,2.645738888294078,3.676297184890566,95.0,0,1504361615,0.9098223959898789,0.2,0.1,1000000,999000,100,3981,500,0.8142058505260306,0.9621530203066779,False,False
RR_ORACLE,RR + oracle variance,2.645677856622615,3.7408789406515344,94.0,0,1504361615,0.9098223959898789,0.2,0.1,1000000,999000,100,3981,500,0.8142058505260306,0.9621530203066779,False,False
RR_OBM,RR + OBM,2.645677856622615,3.7419194684691783,94.0,0,1504361615,0.9098223959898789,0.2,0.1,1000000,999000,100,3981,500,0.8142058505260306,0.9621530203066779,False,False
RR_OBM_RR,RR + OBM-RR,2.645677856622615,3.7135605504288525,95.0,0,1504361615,0.9098223959898789,0.2,0.1,1000000,999000,100,3981,500,0.8142058505260306,0.9621530203066779,False,False
RR_MSB,RR + MSB,2.645677856622615,3.70232827201441,96.0,0,1504361615,0.9098223959898789,0.2,0.1,1000000,999000,100,3981,500,0.8142058505260306,0.9621530203066779,False,False
RR_BATCH,RR + batch means,2.547407957370531,4.313034106156874,98.0,0,761338719,1.238475455786897,0.2,0.1,1000000,999000,100,3981,500,0.7118095414239449,0.9776871575892329,False,False
RR_ORACLE,RR + oracle variance,2.5473977608956555,4.36454569394084,98.0,0,761338719,1.238475455786897,0.2,0.1,1000000,999000,100,3981,500,0.7118095414239449,0.9776871575892329,False,False
RR_OBM,RR + OBM,2.5473977608956555,4.341583557235105,98.0,0,761338719,1.238475455786897,0.2,0.1,1000000,999000,100,3981,500,0.7118095414239449,0.9776871575892329,False,False
RR_OBM_RR,RR + OBM-RR,2.5473977608956555,4.320355648641449,98.0,0,761338719,1.238475455786897,0.2,0.1,1000000,999000,100,3981,500,0.7118095414239449,0.9776871575892329,False,False
RR_MSB,RR + MSB,2.5473977608956555,4.293042337020456,98.0,0,761338719,1.238475455786897,0.2,0.1,1000000,999000,100,3981,500,0.7118095414239449,0.9776871575892329,False,False
RR_BATCH,RR + batch means,2.433736787369555,2.150952359830481,89.0,0,1777324408,0.3029161727201015,0.2,0.1,1000000,999000,100,3981,500,0.8010976155873887,0.9654714672176318,False,False
RR_ORACLE,RR + oracle variance,2.433414961944416,2.158522465423952,92.0,0,1777324408,0.3029161727201015,0.2,0.1,1000000,999000,100,3981,500,0.8010976155873887,0.9654714672176318,False,False
RR_OBM,RR + OBM,2.433414961944416,2.1567476386236253,91.0,0,1777324408,0.3029161727201015,0.2,0.1,1000000,999000,100,3981,500,0.8010976155873887,0.9654714672176318,False,False
RR_OBM_RR,RR + OBM-RR,2.433414961944416,2.138888986872117,90.0,0,1777324408,0.3029161727201015,0.2,0.1,1000000,999000,100,3981,500,0.8010976155873887,0.9654714672176318,False,False
RR_MSB,RR + MSB,2.433414961944416,2.1463008661315968,91.0,0,1777324408,0.3029161727201015,0.2,0.1,1000000,999000,100,3981,500,0.8010976155873887,0.9654714672176318,False,False
RR_BATCH,RR + batch means,2.9646364692069858,6.388673000888245,93.0,0,1627981025,2.734181500222118,0.2,0.1,1000000,999000,100,3981,500,0.7706907675027578,0.9582762062789966,False,False
RR_ORACLE,RR + oracle variance,2.964392318075063,6.484985551505188,97.0,0,1627981025,2.734181500222118,0.2,0.1,1000000,999000,100,3981,500,0.7706907675027578,0.9582762062789966,False,False
RR_OBM,RR + OBM,2.964392318075063,6.458313298605973,95.0,0,1627981025,2.734181500222118,0.2,0.1,1000000,999000,100,3981,500,0.7706907675027578,0.9582762062789966,False,False
RR_OBM_RR,RR + OBM-RR,2.964392318075063,6.452314365217243,95.0,0,1627981025,2.734181500222118,0.2,0.1,1000000,999000,100,3981,500,0.7706907675027578,0.9582762062789966,False,False
RR_MSB,RR + MSB,2.964392318075063,6.41729545856316,96.0,0,1627981025,2.734181500222118,0.2,0.1,1000000,999000,100,3981,500,0.7706907675027578,0.9582762062789966,False,False
RR_BATCH,RR + batch means,3.0810595941121988,5.855539455680295,95.0,0,957106590,2.3313894499296532,0.2,0.1,1000000,999000,100,3981,500,0.7348882644495972,0.9754288061410912,False,False
RR_ORACLE,RR + oracle variance,3.0808065518688466,5.988289060616187,96.0,0,957106590,2.3313894499296532,0.2,0.1,1000000,999000,100,3981,500,0.7348882644495972,0.9754288061410912,False,False
RR_OBM,RR + OBM,3.0808065518688466,5.929863160985257,96.0,0,957106590,2.3313894499296532,0.2,0.1,1000000,999000,100,3981,500,0.7348882644495972,0.9754288061410912,False,False
RR_OBM_RR,RR + OBM-RR,3.0808065518688466,5.881595600373716,95.0,0,957106590,2.3313894499296532,0.2,0.1,1000000,999000,100,3981,500,0.7348882644495972,0.9754288061410912,False,False
RR_MSB,RR + MSB,3.0808065518688466,5.899125646954473,96.0,0,957106590,2.3313894499296532,0.2,0.1,1000000,999000,100,3981,500,0.7348882644495972,0.9754288061410912,False,False
RR_BATCH,RR + batch means,3.1215683251596467,6.636437227118839,98.0,0,145857092,2.9101272309384143,0.2,0.1,1000000,999000,100,3981,500,0.7528959886832006,0.9939675814751682,False,False
RR_ORACLE,RR + oracle variance,3.1214792121035018,6.690388402738789,99.0,0,145857092,2.9101272309384143,0.2,0.1,1000000,999000,100,3981,500,0.7528959886832006,0.9939675814751682,False,False
RR_OBM,RR + OBM,3.1214792121035018,6.69637757497961,98.0,0,145857092,2.9101272309384143,0.2,0.1,1000000,999000,100,3981,500,0.7528959886832006,0.9939675814751682,False,False
RR_OBM_RR,RR + OBM-RR,3.1214792121035018,6.666434904699764,98.0,0,145857092,2.9101272309384143,0.2,0.1,1000000,999000,100,3981,500,0.7528959886832006,0.9939675814751682,False,False
RR_MSB,RR + MSB,3.1214792121035018,6.623179995986608,97.0,0,145857092,2.9101272309384143,0.2,0.1,1000000,999000,100,3981,500,0.7528959886832006,0.9939675814751682,False,False
RR_BATCH,RR + batch means,3.1552511609482345,7.5974097239973135,97.0,0,2084558134,3.9084452161781185,0.2,0.1,1000000,999000,100,3981,500,0.812614119494143,0.9917058152267927,False,False
RR_ORACLE,RR + oracle variance,3.1552833390261252,7.753492248373917,95.0,0,2084558134,3.9084452161781185,0.2,0.1,1000000,999000,100,3981,500,0.812614119494143,0.9917058152267927,False,False
RR_OBM,RR + OBM,3.1552833390261252,7.684620268293729,94.0,0,2084558134,3.9084452161781185,0.2,0.1,1000000,999000,100,3981,500,0.812614119494143,0.9917058152267927,False,False
RR_OBM_RR,RR + OBM-RR,3.1552833390261252,7.6776966946923775,95.0,0,2084558134,3.9084452161781185,0.2,0.1,1000000,999000,100,3981,500,0.812614119494143,0.9917058152267927,False,False
RR_MSB,RR + MSB,3.1552833390261252,7.656120294362943,95.0,0,2084558134,3.9084452161781185,0.2,0.1,1000000,999000,100,3981,500,0.812614119494143,0.9917058152267927,False,False
RR_BATCH,RR + batch means,2.980558468462117,5.4031888160846675,93.0,0,1917963003,1.9637654442760555,0.2,0.1,1000000,999000,100,3981,500,0.8229603265655668,0.9611764889274746,False,False
RR_ORACLE,RR + oracle variance,2.9804343224039207,5.495916798151741,93.0,0,1917963003,1.9637654442760555,0.2,0.1,1000000,999000,100,3981,500,0.8229603265655668,0.9611764889274746,False,False
RR_OBM,RR + OBM,2.9804343224039207,5.442809468719785,93.0,0,1917963003,1.9637654442760555,0.2,0.1,1000000,999000,100,3981,500,0.8229603265655668,0.9611764889274746,False,False
RR_OBM_RR,RR + OBM-RR,2.9804343224039207,5.401601532582376,92.0,0,1917963003,1.9637654442760555,0.2,0.1,1000000,999000,100,3981,500,0.8229603265655668,0.9611764889274746,False,False
RR_MSB,RR + MSB,2.9804343224039207,5.354273196115877,94.0,0,1917963003,1.9637654442760555,0.2,0.1,1000000,999000,100,3981,500,0.8229603265655668,0.9611764889274746,False,False
RR_BATCH,RR + batch means,2.817656008947483,5.288240043305383,98.0,0,1671565831,1.8420410772944598,0.2,0.1,1000000,999000,100,3981,500,0.7405757056332045,0.980835913940108,False,False
RR_ORACLE,RR + oracle variance,2.8176998416462595,5.322859439288745,99.0,0,1671565831,1.8420410772944598,0.2,0.1,1000000,999000,100,3981,500,0.7405757056332045,0.980835913940108,False,False
RR_OBM,RR + OBM,2.8176998416462595,5.304075193652339,98.0,0,1671565831,1.8420410772944598,0.2,0.1,1000000,999000,100,3981,500,0.7405757056332045,0.980835913940108,False,False
RR_OBM_RR,RR + OBM-RR,2.8176998416462595,5.316418992084899,98.0,0,1671565831,1.8420410772944598,0.2,0.1,1000000,999000,100,3981,500,0.7405757056332045,0.980835913940108,False,False
RR_MSB,RR + MSB,2.8176998416462595,5.24382913918877,98.0,0,1671565831,1.8420410772944598,0.2,0.1,1000000,999000,100,3981,500,0.7405757056332045,0.980835913940108,False,False
RR_BATCH,RR + batch means,2.6860918638585636,5.412319718395009,99.0,0,1455819992,1.895765264710268,0.2,0.1,1000000,999000,100,3981,500,0.6659950111111707,0.9843288752540928,False,False
RR_ORACLE,RR + oracle variance,2.6861826504637634,5.39992370023091,100.0,0,1455819992,1.895765264710268,0.2,0.1,1000000,999000,100,3981,500,0.6659950111111707,0.9843288752540928,False,False
RR_OBM,RR + OBM,2.6861826504637634,5.393816304348982,100.0,0,1455819992,1.895765264710268,0.2,0.1,1000000,999000,100,3981,500,0.6659950111111707,0.9843288752540928,False,False
RR_OBM_RR,RR + OBM-RR,2.6861826504637634,5.457580967986996,99.0,0,1455819992,1.895765264710268,0.2,0.1,1000000,999000,100,3981,500,0.6659950111111707,0.9843288752540928,False,False
RR_MSB,RR + MSB,2.6861826504637634,5.383708242215546,99.0,0,1455819992,1.895765264710268,0.2,0.1,1000000,999000,100,3981,500,0.6659950111111707,0.9843288752540928,False,False
RR_BATCH,RR + batch means,2.5449560359563828,5.202777121491415,95.0,0,1068999196,1.8155421682428823,0.2,0.1,1000000,999000,100,3981,500,0.7620009701421451,0.9858189132595618,False,False
RR_ORACLE,RR + oracle variance,2.5450909217110818,5.2844344213272585,95.0,0,1068999196,1.8155421682428823,0.2,0.1,1000000,999000,100,3981,500,0.7620009701421451,0.9858189132595618,False,False
RR_OBM,RR + OBM,2.5450909217110818,5.2408212310137126,95.0,0,1068999196,1.8155421682428823,0.2,0.1,1000000,999000,100,3981,500,0.7620009701421451,0.9858189132595618,False,False
RR_OBM_RR,RR + OBM-RR,2.5450909217110818,5.276216519756168,96.0,0,1068999196,1.8155421682428823,0.2,0.1,1000000,999000,100,3981,500,0.7620009701421451,0.9858189132595618,False,False
RR_MSB,RR + MSB,2.5450909217110818,5.172266418681463,94.0,0,1068999196,1.8155421682428823,0.2,0.1,1000000,999000,100,3981,500,0.7620009701421451,0.9858189132595618,False,False
RR_BATCH,RR + batch means,2.9666224132860846,6.6211248872026465,94.0,0,417983442,2.8751362617689455,0.2,0.1,1000000,999000,100,3981,500,0.8070450189256176,0.9532349513235565,False,False
RR_ORACLE,RR + oracle variance,2.9663915218191526,6.650044609413278,93.0,0,417983442,2.8751362617689455,0.2,0.1,1000000,999000,100,3981,500,0.8070450189256176,0.9532349513235565,False,False
RR_OBM,RR + OBM,2.9663915218191526,6.617200834488298,93.0,0,417983442,2.8751362617689455,0.2,0.1,1000000,999000,100,3981,500,0.8070450189256176,0.9532349513235565,False,False
RR_OBM_RR,RR + OBM-RR,2.9663915218191526,6.584805404187461,94.0,0,417983442,2.8751362617689455,0.2,0.1,1000000,999000,100,3981,500,0.8070450189256176,0.9532349513235565,False,False
RR_MSB,RR + MSB,2.9663915218191526,6.509776249444673,93.0,0,417983442,2.8751362617689455,0.2,0.1,1000000,999000,100,3981,500,0.8070450189256176,0.9532349513235565,False,False
RR_BATCH,RR + batch means,3.7653506285760274,8.218804726662961,97.0,0,781482251,4.363005701707702,0.2,0.1,1000000,999000,100,3981,500,0.7151975208258752,0.978576859609315,False,False
RR_ORACLE,RR + oracle variance,3.7649667464314476,8.19196772976681,96.0,0,781482251,4.363005701707702,0.2,0.1,1000000,999000,100,3981,500,0.7151975208258752,0.978576859609315,False,False
RR_OBM,RR + OBM,3.7649667464314476,8.203088249769394,95.0,0,781482251,4.363005701707702,0.2,0.1,1000000,999000,100,3981,500,0.7151975208258752,0.978576859609315,False,False
RR_OBM_RR,RR + OBM-RR,3.7649667464314476,8.268557420124049,95.0,0,781482251,4.363005701707702,0.2,0.1,1000000,999000,100,3981,500,0.7151975208258752,0.978576859609315,False,False
RR_MSB,RR + MSB,3.7649667464314476,8.125675267754387,95.0,0,781482251,4.363005701707702,0.2,0.1,1000000,999000,100,3981,500,0.7151975208258752,0.978576859609315,False,False
RR_BATCH,RR + batch means,3.312493459439956,6.44336516768746,96.0,0,1173749072,2.706626465225628,0.2,0.1,1000000,999000,100,3981,500,0.7785593399232804,0.9794972428830395,False,False
RR_ORACLE,RR + oracle variance,3.312646996597481,6.452225015008768,97.0,0,1173749072,2.706626465225628,0.2,0.1,1000000,999000,100,3981,500,0.7785593399232804,0.9794972428830395,False,False
RR_OBM,RR + OBM,3.312646996597481,6.41569179428491,97.0,0,1173749072,2.706626465225628,0.2,0.1,1000000,999000,100,3981,500,0.7785593399232804,0.9794972428830395,False,False
RR_OBM_RR,RR + OBM-RR,3.312646996597481,6.438443510010755,96.0,0,1173749072,2.706626465225628,0.2,0.1,1000000,999000,100,3981,500,0.7785593399232804,0.9794972428830395,False,False
RR_MSB,RR + MSB,3.312646996597481,6.388414913192357,96.0,0,1173749072,2.706626465225628,0.2,0.1,1000000,999000,100,3981,500,0.7785593399232804,0.9794972428830395,False,False
RR_BATCH,RR + batch means,2.6758875315852166,7.956309090820844,96.0,0,1631871624,4.166823713063872,0.2,0.1,1000000,999000,100,3981,500,0.7347772227554935,0.9697292239561879,False,False
RR_ORACLE,RR + oracle variance,2.6755658374762525,8.00567409060296,96.0,0,1631871624,4.166823713063872,0.2,0.1,1000000,999000,100,3981,500,0.7347772227554935,0.9697292239561879,False,False
RR_OBM,RR + OBM,2.6755658374762525,7.996688978074255,96.0,0,1631871624,4.166823713063872,0.2,0.1,1000000,999000,100,3981,500,0.7347772227554935,0.9697292239561879,False,False
RR_OBM_RR,RR + OBM-RR,2.6755658374762525,7.94321187993053,96.0,0,1631871624,4.166823713063872,0.2,0.1,1000000,999000,100,3981,500,0.7347772227554935,0.9697292239561879,False,False
RR_MSB,RR + MSB,2.6755658374762525,7.9277686593957375,96.0,0,1631871624,4.166823713063872,0.2,0.1,1000000,999000,100,3981,500,0.7347772227554935,0.9697292239561879,False,False
RR_BATCH,RR + batch means,3.2532516552896995,4.921230278569987,93.0,0,94067870,1.6265275770275067,0.2,0.1,1000000,999000,100,3981,500,0.8237571747788438,0.9806093965803354,False,False
RR_ORACLE,RR + oracle variance,3.2533833130655143,5.001796957524618,95.0,0,94067870,1.6265275770275067,0.2,0.1,1000000,999000,100,3981,500,0.8237571747788438,0.9806093965803354,False,False
RR_OBM,RR + OBM,3.2533833130655143,4.974780936945145,94.0,0,94067870,1.6265275770275067,0.2,0.1,1000000,999000,100,3981,500,0.8237571747788438,0.9806093965803354,False,False
RR_OBM_RR,RR + OBM-RR,3.2533833130655143,4.954153824393563,93.0,0,94067870,1.6265275770275067,0.2,0.1,1000000,999000,100,3981,500,0.8237571747788438,0.9806093965803354,False,False
RR_MSB,RR + MSB,3.2533833130655143,4.960036103328988,93.0,0,94067870,1.6265275770275067,0.2,0.1,1000000,999000,100,3981,500,0.8237571747788438,0.9806093965803354,False,False
RR_BATCH,RR + batch means,3.1162297249480635,7.483002063381185,93.0,0,1002275723,3.6973840613786653,0.2,0.1,1000000,999000,100,3981,500,0.7909197468303723,0.9600676908738776,False,False
RR_ORACLE,RR + oracle variance,3.116457610048746,7.541237612556499,95.0,0,1002275723,3.6973840613786653,0.2,0.1,1000000,999000,100,3981,500,0.7909197468303723,0.9600676908738776,False,False
RR_OBM,RR + OBM,3.116457610048746,7.516149534964231,95.0,0,1002275723,3.6973840613786653,0.2,0.1,1000000,999000,100,3981,500,0.7909197468303723,0.9600676908738776,False,False
RR_OBM_RR,RR + OBM-RR,3.116457610048746,7.499047996708574,95.0,0,1002275723,3.6973840613786653,0.2,0.1,1000000,999000,100,3981,500,0.7909197468303723,0.9600676908738776,False,False
RR_MSB,RR + MSB,3.116457610048746,7.419347750057548,92.0,0,1002275723,3.6973840613786653,0.2,0.1,1000000,999000,100,3981,500,0.7909197468303723,0.9600676908738776,False,False
RR_BATCH,RR + batch means,2.655416339216213,5.398395712520579,94.0,0,331334161,1.9375291091622746,0.2,0.1,1000000,999000,100,3981,500,0.8241349755475844,0.9711524805845761,False,False
RR_ORACLE,RR + oracle variance,2.6553989342611075,5.459080023380671,94.0,0,331334161,1.9375291091622746,0.2,0.1,1000000,999000,100,3981,500,0.8241349755475844,0.9711524805845761,False,False
RR_OBM,RR + OBM,2.6553989342611075,5.439800491724052,95.0,0,331334161,1.9375291091622746,0.2,0.1,1000000,999000,100,3981,500,0.8241349755475844,0.9711524805845761,False,False
RR_OBM_RR,RR + OBM-RR,2.6553989342611075,5.380677494884072,93.0,0,331334161,1.9375291091622746,0.2,0.1,1000000,999000,100,3981,500,0.8241349755475844,0.9711524805845761,False,False
RR_MSB,RR + MSB,2.6553989342611075,5.362923543081964,94.0,0,331334161,1.9375291091622746,0.2,0.1,1000000,999000,100,3981,500,0.8241349755475844,0.9711524805845761,False,False
RR_BATCH,RR + batch means,3.2240102080958835,6.707681020792202,96.0,0,1596387605,3.060338144238423,0.2,0.1,1000000,999000,100,3981,500,0.7950634690006232,0.9693720320764538,False,False
RR_ORACLE,RR + oracle variance,3.2240315032868576,6.860883584315,95.0,0,1596387605,3.060338144238423,0.2,0.1,1000000,999000,100,3981,500,0.7950634690006232,0.9693720320764538,False,False
RR_OBM,RR + OBM,3.2240315032868576,6.779898544895064,96.0,0,1596387605,3.060338144238423,0.2,0.1,1000000,999000,100,3981,500,0.7950634690006232,0.9693720320764538,False,False
RR_OBM_RR,RR + OBM-RR,3.2240315032868576,6.754446660796279,96.0,0,1596387605,3.060338144238423,0.2,0.1,1000000,999000,100,3981,500,0.7950634690006232,0.9693720320764538,False,False
RR_MSB,RR + MSB,3.2240315032868576,6.77711977564629,96.0,0,1596387605,3.060338144238423,0.2,0.1,1000000,999000,100,3981,500,0.7950634690006232,0.9693720320764538,False,False
RR_BATCH,RR + batch means,2.8845810848214883,3.9312387662915067,97.0,0,787359109,1.0330179330869644,0.2,0.1,1000000,999000,100,3981,500,0.7433911244204893,0.9718714684166588,False,False
RR_ORACLE,RR + oracle variance,2.8845511542515045,3.9861099428446503,97.0,0,787359109,1.0330179330869644,0.2,0.1,1000000,999000,100,3981,500,0.7433911244204893,0.9718714684166588,False,False
RR_OBM,RR + OBM,2.8845511542515045,3.9743850608037747,97.0,0,787359109,1.0330179330869644,0.2,0.1,1000000,999000,100,3981,500,0.7433911244204893,0.9718714684166588,False,False
RR_OBM_RR,RR + OBM-RR,2.8845511542515045,3.9765011406339084,98.0,0,787359109,1.0330179330869644,0.2,0.1,1000000,999000,100,3981,500,0.7433911244204893,0.9718714684166588,False,False
RR_MSB,RR + MSB,2.8845511542515045,3.9687115593671374,96.0,0,787359109,1.0330179330869644,0.2,0.1,1000000,999000,100,3981,500,0.7433911244204893,0.9718714684166588,False,False
RR_BATCH,RR + batch means,3.0245629740309954,5.113939923731603,93.0,0,1599364551,1.7186457336326737,0.2,0.1,1000000,999000,100,3981,500,0.7493977786570357,0.9827606234996767,False,False
RR_ORACLE,RR + oracle variance,3.0247702076813288,5.141484427143664,95.0,0,1599364551,1.7186457336326737,0.2,0.1,1000000,999000,100,3981,500,0.7493977786570357,0.9827606234996767,False,False
RR_OBM,RR + OBM,3.0247702076813288,5.12295794289864,95.0,0,1599364551,1.7186457336326737,0.2,0.1,1000000,999000,100,3981,500,0.7493977786570357,0.9827606234996767,False,False
RR_OBM_RR,RR + OBM-RR,3.0247702076813288,5.140506623154086,94.0,0,1599364551,1.7186457336326737,0.2,0.1,1000000,999000,100,3981,500,0.7493977786570357,0.9827606234996767,False,False
RR_MSB,RR + MSB,3.0247702076813288,5.076403520763424,96.0,0,1599364551,1.7186457336326737,0.2,0.1,1000000,999000,100,3981,500,0.7493977786570357,0.9827606234996767,False,False
RR_BATCH,RR + batch means,3.3344687257117553,4.6109823195977295,93.0,0,1466836457,1.4440585932393484,0.2,0.1,1000000,999000,100,3981,500,0.7142161934250567,0.9640237491430843,False,False
RR_ORACLE,RR + oracle variance,3.334444190889639,4.7128948492677,92.0,0,1466836457,1.4440585932393484,0.2,0.1,1000000,999000,100,3981,500,0.7142161934250567,0.9640237491430843,False,False
RR_OBM,RR + OBM,3.334444190889639,4.681199064659612,93.0,0,1466836457,1.4440585932393484,0.2,0.1,1000000,999000,100,3981,500,0.7142161934250567,0.9640237491430843,False,False
RR_OBM_RR,RR + OBM-RR,3.334444190889639,4.640314398970875,93.0,0,1466836457,1.4440585932393484,0.2,0.1,1000000,999000,100,3981,500,0.7142161934250567,0.9640237491430843,False,False
RR_MSB,RR + MSB,3.334444190889639,4.675116522018749,93.0,0,1466836457,1.4440585932393484,0.2,0.1,1000000,999000,100,3981,500,0.7142161934250567,0.9640237491430843,False,False
RR_BATCH,RR + batch means,2.539869033490112,5.370256054887448,93.0,0,882294417,1.9707624558351595,0.2,0.1,1000000,999000,100,3981,500,0.7887314413145017,0.9612621307900595,False,False
RR_ORACLE,RR + oracle variance,2.5399310245516213,5.505699229148374,93.0,0,882294417,1.9707624558351595,0.2,0.1,1000000,999000,100,3981,500,0.7887314413145017,0.9612621307900595,False,False
RR_OBM,RR + OBM,2.5399310245516213,5.444052257451782,91.0,0,882294417,1.9707624558351595,0.2,0.1,1000000,999000,100,3981,500,0.7887314413145017,0.9612621307900595,False,False
RR_OBM_RR,RR + OBM-RR,2.5399310245516213,5.412027345678403,91.0,0,882294417,1.9707624558351595,0.2,0.1,1000000,999000,100,3981,500,0.7887314413145017,0.9612621307900595,False,False
RR_MSB,RR + MSB,2.5399310245516213,5.433067191504337,93.0,0,882294417,1.9707624558351595,0.2,0.1,1000000,999000,100,3981,500,0.7887314413145017,0.9612621307900595,False,False
RR_BATCH,RR + batch means,2.7715812231619865,5.550164792120917,93.0,0,2077711329,2.076317845404007,0.2,0.1,1000000,999000,100,3981,500,0.7885947741651329,0.9693267472582436,False,False
RR_ORACLE,RR + oracle variance,2.7716322814065055,5.651220602796252,95.0,0,2077711329,2.076317845404007,0.2,0.1,1000000,999000,100,3981,500,0.7885947741651329,0.9693267472582436,False,False
RR_OBM,RR + OBM,2.7716322814065055,5.604915544059826,95.0,0,2077711329,2.076317845404007,0.2,0.1,1000000,999000,100,3981,500,0.7885947741651329,0.9693267472582436,False,False
RR_OBM_RR,RR + OBM-RR,2.7716322814065055,5.5852156727724065,92.0,0,2077711329,2.076317845404007,0.2,0.1,1000000,999000,100,3981,500,0.7885947741651329,0.9693267472582436,False,False
RR_MSB,RR + MSB,2.7716322814065055,5.594026730968527,94.0,0,2077711329,2.076317845404007,0.2,0.1,1000000,999000,100,3981,500,0.7885947741651329,0.9693267472582436,False,False
RR_BATCH,RR + batch means,2.7480793498103675,6.5041646261403185,94.0,0,163945743,2.8274275854498367,0.2,0.1,1000000,999000,100,3981,500,0.7347524612229042,0.9746170642846718,False,False
RR_ORACLE,RR + oracle variance,2.748136676155859,6.594639931628453,94.0,0,163945743,2.8274275854498367,0.2,0.1,1000000,999000,100,3981,500,0.7347524612229042,0.9746170642846718,False,False
RR_OBM,RR + OBM,2.748136676155859,6.549568386416061,94.0,0,163945743,2.8274275854498367,0.2,0.1,1000000,999000,100,3981,500,0.7347524612229042,0.9746170642846718,False,False
RR_OBM_RR,RR + OBM-RR,2.748136676155859,6.501448301503053,93.0,0,163945743,2.8274275854498367,0.2,0.1,1000000,999000,100,3981,500,0.7347524612229042,0.9746170642846718,False,False
RR_MSB,RR + MSB,2.748136676155859,6.467161762224014,94.0,0,163945743,2.8274275854498367,0.2,0.1,1000000,999000,100,3981,500,0.7347524612229042,0.9746170642846718,False,False
RR_BATCH,RR + batch means,2.803942519220245,6.087037728290392,96.0,0,1981113450,2.4549938247732,0.2,0.1,1000000,999000,100,3981,500,0.7964510801748972,0.9684849066021706,False,False
RR_ORACLE,RR + oracle variance,2.803799855674185,6.144981002673784,97.0,0,1981113450,2.4549938247732,0.2,0.1,1000000,999000,100,3981,500,0.7964510801748972,0.9684849066021706,False,False
RR_OBM,RR + OBM,2.803799855674185,6.10662317360589,96.0,0,1981113450,2.4549938247732,0.2,0.1,1000000,999000,100,3981,500,0.7964510801748972,0.9684849066021706,False,False
RR_OBM_RR,RR + OBM-RR,2.803799855674185,6.127431380806193,96.0,0,1981113450,2.4549938247732,0.2,0.1,1000000,999000,100,3981,500,0.7964510801748972,0.9684849066021706,False,False
RR_MSB,RR + MSB,2.803799855674185,6.019369553432632,96.0,0,1981113450,2.4549938247732,0.2,0.1,1000000,999000,100,3981,500,0.7964510801748972,0.9684849066021706,False,False
RR_BATCH,RR + batch means,3.8462780590242196,9.839269534373663,96.0,0,795556160,6.443874465109782,0.2,0.1,1000000,999000,100,3981,500,0.7093983741750088,0.9762226760420812,False,False
RR_ORACLE,RR + oracle variance,3.845706803997619,9.955632990523931,98.0,0,795556160,6.443874465109782,0.2,0.1,1000000,999000,100,3981,500,0.7093983741750088,0.9762226760420812,False,False
RR_OBM,RR + OBM,3.845706803997619,9.854821127254842,96.0,0,795556160,6.443874465109782,0.2,0.1,1000000,999000,100,3981,500,0.7093983741750088,0.9762226760420812,False,False
RR_OBM_RR,RR + OBM-RR,3.845706803997619,9.851153096416406,96.0,0,795556160,6.443874465109782,0.2,0.1,1000000,999000,100,3981,500,0.7093983741750088,0.9762226760420812,False,False
RR_MSB,RR + MSB,3.845706803997619,9.731760473754127,96.0,0,795556160,6.443874465109782,0.2,0.1,1000000,999000,100,3981,500,0.7093983741750088,0.9762226760420812,False,False
RR_BATCH,RR + batch means,3.1638251882687007,4.852005760842726,94.0,0,1008363426,1.5665402994477549,0.2,0.1,1000000,999000,100,3981,500,0.755666838213906,0.9815452084793563,False,False
RR_ORACLE,RR + oracle variance,3.163702216224574,4.908695906312208,94.0,0,1008363426,1.5665402994477549,0.2,0.1,1000000,999000,100,3981,500,0.755666838213906,0.9815452084793563,False,False
RR_OBM,RR + OBM,3.163702216224574,4.892277818897971,94.0,0,1008363426,1.5665402994477549,0.2,0.1,1000000,999000,100,3981,500,0.755666838213906,0.9815452084793563,False,False
RR_OBM_RR,RR + OBM-RR,3.163702216224574,4.903837320220229,93.0,0,1008363426,1.5665402994477549,0.2,0.1,1000000,999000,100,3981,500,0.755666838213906,0.9815452084793563,False,False
RR_MSB,RR + MSB,3.163702216224574,4.841058255211659,94.0,0,1008363426,1.5665402994477549,0.2,0.1,1000000,999000,100,3981,500,0.755666838213906,0.9815452084793563,False,False
RR_BATCH,RR + batch means,2.6972047520177305,3.6780669508386006,92.0,0,1944623249,0.9263361362850611,0.2,0.1,1000000,999000,100,3981,500,0.8032198794834147,0.9731738471305574,False,False
RR_ORACLE,RR + oracle variance,2.6971472584573055,3.774675703064192,92.0,0,1944623249,0.9263361362850611,0.2,0.1,1000000,999000,100,3981,500,0.8032198794834147,0.9731738471305574,False,False
RR_OBM,RR + OBM,2.6971472584573055,3.736089273263196,92.0,0,1944623249,0.9263361362850611,0.2,0.1,1000000,999000,100,3981,500,0.8032198794834147,0.9731738471305574,False,False
RR_OBM_RR,RR + OBM-RR,2.6971472584573055,3.699814550808688,92.0,0,1944623249,0.9263361362850611,0.2,0.1,1000000,999000,100,3981,500,0.8032198794834147,0.9731738471305574,False,False
RR_MSB,RR + MSB,2.6971472584573055,3.6940239858270507,92.0,0,1944623249,0.9263361362850611,0.2,0.1,1000000,999000,100,3981,500,0.8032198794834147,0.9731738471305574,False,False
RR_BATCH,RR + batch means,3.3126533954261252,4.522693922079811,98.0,0,699704628,1.3584523817710155,0.2,0.1,1000000,999000,100,3981,500,0.7937605249583184,0.9655883563292331,False,False
RR_ORACLE,RR + oracle variance,3.312649501092879,4.571066635696403,95.0,0,699704628,1.3584523817710155,0.2,0.1,1000000,999000,100,3981,500,0.7937605249583184,0.9655883563292331,False,False
RR_OBM,RR + OBM,3.312649501092879,4.538614646995621,96.0,0,699704628,1.3584523817710155,0.2,0.1,1000000,999000,100,3981,500,0.7937605249583184,0.9655883563292331,False,False
RR_OBM_RR,RR + OBM-RR,3.312649501092879,4.50096126416478,96.0,0,699704628,1.3584523817710155,0.2,0.1,1000000,999000,100,3981,500,0.7937605249583184,0.9655883563292331,False,False
RR_MSB,RR + MSB,3.312649501092879,4.5071147137915215,95.0,0,699704628,1.3584523817710155,0.2,0.1,1000000,999000,100,3981,500,0.7937605249583184,0.9655883563292331,False,False
RR_BATCH,RR + batch means,3.1037078764835915,4.390164247803407,95.0,0,1708709736,1.2374600583517064,0.2,0.1,1000000,999000,100,3981,500,0.7864258994086526,0.9788075935840435,False,False
RR_ORACLE,RR + oracle variance,3.104113473491439,4.362756131932432,95.0,0,1708709736,1.2374600583517064,0.2,0.1,1000000,999000,100,3981,500,0.7864258994086526,0.9788075935840435,False,False
RR_OBM,RR + OBM,3.104113473491439,4.3619807360371325,96.0,0,1708709736,1.2374600583517064,0.2,0.1,1000000,999000,100,3981,500,0.7864258994086526,0.9788075935840435,False,False
RR_OBM_RR,RR + OBM-RR,3.104113473491439,4.410460424715068,97.0,0,1708709736,1.2374600583517064,0.2,0.1,1000000,999000,100,3981,500,0.7864258994086526,0.9788075935840435,False,False
RR_MSB,RR + MSB,3.104113473491439,4.32007095259605,96.0,0,1708709736,1.2374600583517064,0.2,0.1,1000000,999000,100,3981,500,0.7864258994086526,0.9788075935840435,False,False
RR_BATCH,RR + batch means,2.981141900590147,5.9444197704716535,91.0,0,406886645,2.354562057055686,0.2,0.1,1000000,999000,100,3981,500,0.7445890093971937,0.9572448254781045,False,False
RR_ORACLE,RR + oracle variance,2.9808728373690903,6.017975470251905,92.0,0,406886645,2.354562057055686,0.2,0.1,1000000,999000,100,3981,500,0.7445890093971937,0.9572448254781045,False,False
RR_OBM,RR + OBM,2.9808728373690903,5.977128070720586,91.0,0,406886645,2.354562057055686,0.2,0.1,1000000,999000,100,3981,500,0.7445890093971937,0.9572448254781045,False,False
RR_OBM_RR,RR + OBM-RR,2.9808728373690903,5.942148138787451,92.0,0,406886645,2.354562057055686,0.2,0.1,1000000,999000,100,3981,500,0.7445890093971937,0.9572448254781045,False,False
RR_MSB,RR + MSB,2.9808728373690903,5.959980447820814,90.0,0,406886645,2.354562057055686,0.2,0.1,1000000,999000,100,3981,500,0.7445890093971937,0.9572448254781045,False,False
RR_BATCH,RR + batch means,3.042887151312415,5.962929642630196,93.0,0,279004308,2.323440686562524,0.2,0.1,1000000,999000,100,3981,500,0.7318279552606795,0.9727303749556581,False,False
RR_ORACLE,RR + oracle variance,3.043097029452253,5.978071948650677,92.0,0,279004308,2.323440686562524,0.2,0.1,1000000,999000,100,3981,500,0.7318279552606795,0.9727303749556581,False,False
RR_OBM,RR + OBM,3.043097029452253,5.9982391102151755,93.0,0,279004308,2.323440686562524,0.2,0.1,1000000,999000,100,3981,500,0.7318279552606795,0.9727303749556581,False,False
RR_OBM_RR,RR + OBM-RR,3.043097029452253,5.970146917694213,92.0,0,279004308,2.323440686562524,0.2,0.1,1000000,999000,100,3981,500,0.7318279552606795,0.9727303749556581,False,False
RR_MSB,RR + MSB,3.043097029452253,5.93454305828394,93.0,0,279004308,2.323440686562524,0.2,0.1,1000000,999000,100,3981,500,0.7318279552606795,0.9727303749556581,False,False
RR_BATCH,RR + batch means,2.5108360611645533,4.180350977613548,98.0,0,994157307,1.1319447869937644,0.2,0.1,1000000,999000,100,3981,500,0.8376670420369194,0.9724813800172213,False,False
RR_ORACLE,RR + oracle variance,2.510785038999391,4.172611632296695,96.0,0,994157307,1.1319447869937644,0.2,0.1,1000000,999000,100,3981,500,0.8376670420369194,0.9724813800172213,False,False
RR_OBM,RR + OBM,2.510785038999391,4.173467761812734,97.0,0,994157307,1.1319447869937644,0.2,0.1,1000000,999000,100,3981,500,0.8376670420369194,0.9724813800172213,False,False
RR_OBM_RR,RR + OBM-RR,2.510785038999391,4.172213398602211,97.0,0,994157307,1.1319447869937644,0.2,0.1,1000000,999000,100,3981,500,0.8376670420369194,0.9724813800172213,False,False
RR_MSB,RR + MSB,2.510785038999391,4.1561877230534146,97.0,0,994157307,1.1319447869937644,0.2,0.1,1000000,999000,100,3981,500,0.8376670420369194,0.9724813800172213,False,False
RR_BATCH,RR + batch means,3.1874809391934056,3.548680432958013,92.0,0,1438414600,0.8269873022362143,0.2,0.1,1000000,999000,100,3981,500,0.7581022248743589,0.9744324308398994,False,False
RR_ORACLE,RR + oracle variance,3.187303063312533,3.5665208169653537,94.0,0,1438414600,0.8269873022362143,0.2,0.1,1000000,999000,100,3981,500,0.7581022248743589,0.9744324308398994,False,False
RR_OBM,RR + OBM,3.187303063312533,3.5648516729620674,94.0,0,1438414600,0.8269873022362143,0.2,0.1,1000000,999000,100,3981,500,0.7581022248743589,0.9744324308398994,False,False
RR_OBM_RR,RR + OBM-RR,3.187303063312533,3.561026650603048,94.0,0,1438414600,0.8269873022362143,0.2,0.1,1000000,999000,100,3981,500,0.7581022248743589,0.9744324308398994,False,False
RR_MSB,RR + MSB,3.187303063312533,3.5142957106987427,95.0,0,1438414600,0.8269873022362143,0.2,0.1,1000000,999000,100,3981,500,0.7581022248743589,0.9744324308398994,False,False
RR_BATCH,RR + batch means,2.916991621834709,3.1055133421432815,89.0,0,709091226,0.6416041532524789,0.2,0.1,1000000,999000,100,3981,500,0.7716686336166987,0.9802060012410437,False,False
RR_ORACLE,RR + oracle variance,2.9172557724082306,3.141441132348479,89.0,0,709091226,0.6416041532524789,0.2,0.1,1000000,999000,100,3981,500,0.7716686336166987,0.9802060012410437,False,False
RR_OBM,RR + OBM,2.9172557724082306,3.1398850925408803,89.0,0,709091226,0.6416041532524789,0.2,0.1,1000000,999000,100,3981,500,0.7716686336166987,0.9802060012410437,False,False
RR_OBM_RR,RR + OBM-RR,2.9172557724082306,3.124498464653254,88.0,0,709091226,0.6416041532524789,0.2,0.1,1000000,999000,100,3981,500,0.7716686336166987,0.9802060012410437,False,False
RR_MSB,RR + MSB,2.9172557724082306,3.0946258604598533,89.0,0,709091226,0.6416041532524789,0.2,0.1,1000000,999000,100,3981,500,0.7716686336166987,0.9802060012410437,False,False
RR_BATCH,RR + batch means,3.002863683579703,6.850066693513477,92.0,0,487284116,3.203194060886938,0.2,0.1,1000000,999000,100,3981,500,0.7906857224400382,0.9722391780189573,False,False
RR_ORACLE,RR + oracle variance,3.0029705188610505,7.019189507321793,93.0,0,487284116,3.203194060886938,0.2,0.1,1000000,999000,100,3981,500,0.7906857224400382,0.9722391780189573,False,False
RR_OBM,RR + OBM,3.0029705188610505,6.956208870761364,94.0,0,487284116,3.203194060886938,0.2,0.1,1000000,999000,100,3981,500,0.7906857224400382,0.9722391780189573,False,False
RR_OBM_RR,RR + OBM-RR,3.0029705188610505,6.913628711904762,93.0,0,487284116,3.203194060886938,0.2,0.1,1000000,999000,100,3981,500,0.7906857224400382,0.9722391780189573,False,False
RR_MSB,RR + MSB,3.0029705188610505,6.8711708498131845,94.0,0,487284116,3.203194060886938,0.2,0.1,1000000,999000,100,3981,500,0.7906857224400382,0.9722391780189573,False,False
RR_BATCH,RR + batch means,3.261397169002065,4.97181125741114,96.0,0,1474200732,1.6274102473950909,0.2,0.1,1000000,999000,100,3981,500,0.7607996072523888,0.9829777603836092,False,False
RR_ORACLE,RR + oracle variance,3.2613727907883017,5.003153940098572,94.0,0,1474200732,1.6274102473950909,0.2,0.1,1000000,999000,100,3981,500,0.7607996072523888,0.9829777603836092,False,False
RR_OBM,RR + OBM,3.2613727907883017,4.9899962661165835,95.0,0,1474200732,1.6274102473950909,0.2,0.1,1000000,999000,100,3981,500,0.7607996072523888,0.9829777603836092,False,False
RR_OBM_RR,RR + OBM-RR,3.2613727907883017,4.988197276629188,96.0,0,1474200732,1.6274102473950909,0.2,0.1,1000000,999000,100,3981,500,0.7607996072523888,0.9829777603836092,False,False
RR_MSB,RR + MSB,3.2613727907883017,4.948877099191365,95.0,0,1474200732,1.6274102473950909,0.2,0.1,1000000,999000,100,3981,500,0.7607996072523888,0.9829777603836092,False,False
RR_BATCH,RR + batch means,2.7425490899923184,5.807773187062909,95.0,0,1212254291,2.225397226657608,0.2,0.1,1000000,999000,100,3981,500,0.7634470531511427,0.9649499692378661,False,False
RR_ORACLE,RR + oracle variance,2.7424251450579242,5.85058258125706,96.0,0,1212254291,2.225397226657608,0.2,0.1,1000000,999000,100,3981,500,0.7634470531511427,0.9649499692378661,False,False
RR_OBM,RR + OBM,2.7424251450579242,5.845106693500743,95.0,0,1212254291,2.225397226657608,0.2,0.1,1000000,999000,100,3981,500,0.7634470531511427,0.9649499692378661,False,False
RR_OBM_RR,RR + OBM-RR,2.7424251450579242,5.824641117417761,94.0,0,1212254291,2.225397226657608,0.2,0.1,1000000,999000,100,3981,500,0.7634470531511427,0.9649499692378661,False,False
RR_MSB,RR + MSB,2.7424251450579242,5.800545855408181,94.0,0,1212254291,2.225397226657608,0.2,0.1,1000000,999000,100,3981,500,0.7634470531511427,0.9649499692378661,False,False
RR_BATCH,RR + batch means,2.5785496536469736,7.574074970182285,92.0,0,345075200,3.8984762994739355,0.2,0.1,1000000,999000,100,3981,500,0.7292263339413828,0.9570228667303432,False,False
RR_ORACLE,RR + oracle variance,2.5784714350079017,7.743597870467193,93.0,0,345075200,3.8984762994739355,0.2,0.1,1000000,999000,100,3981,500,0.7292263339413828,0.9570228667303432,False,False
RR_OBM,RR + OBM,2.5784714350079017,7.667413108270828,92.0,0,345075200,3.8984762994739355,0.2,0.1,1000000,999000,100,3981,500,0.7292263339413828,0.9570228667303432,False,False
RR_OBM_RR,RR + OBM-RR,2.5784714350079017,7.602321481938227,92.0,0,345075200,3.8984762994739355,0.2,0.1,1000000,999000,100,3981,500,0.7292263339413828,0.9570228667303432,False,False
RR_MSB,RR + MSB,2.5784714350079017,7.552531054927096,92.0,0,345075200,3.8984762994739355,0.2,0.1,1000000,999000,100,3981,500,0.7292263339413828,0.9570228667303432,False,False
RR_BATCH,RR + batch means,2.8488508504213517,3.7592565606637187,94.0,0,2019291965,0.9373880688365333,0.2,0.1,1000000,999000,100,3981,500,0.7743907638099192,0.9813637413925418,False,False
RR_ORACLE,RR + oracle variance,2.8487038802839195,3.7971263911822506,97.0,0,2019291965,0.9373880688365333,0.2,0.1,1000000,999000,100,3981,500,0.7743907638099192,0.9813637413925418,False,False
RR_OBM,RR + OBM,2.8487038802839195,3.7775581049460367,95.0,0,2019291965,0.9373880688365333,0.2,0.1,1000000,999000,100,3981,500,0.7743907638099192,0.9813637413925418,False,False
RR_OBM_RR,RR + OBM-RR,2.8487038802839195,3.7791164080324067,94.0,0,2019291965,0.9373880688365333,0.2,0.1,1000000,999000,100,3981,500,0.7743907638099192,0.9813637413925418,False,False
RR_MSB,RR + MSB,2.8487038802839195,3.720111942416712,95.0,0,2019291965,0.9373880688365333,0.2,0.1,1000000,999000,100,3981,500,0.7743907638099192,0.9813637413925418,False,False
RR_BATCH,RR + batch means,2.6077881632403144,3.6036941521875665,95.0,0,1021568550,0.8399501464702047,0.2,0.1,1000000,999000,100,3981,500,0.8244093890795153,0.9817270297576983,False,False
RR_ORACLE,RR + oracle variance,2.6077782452571476,3.594364345952789,95.0,0,1021568550,0.8399501464702047,0.2,0.1,1000000,999000,100,3981,500,0.8244093890795153,0.9817270297576983,False,False
RR_OBM,RR + OBM,2.6077782452571476,3.589922102089395,95.0,0,1021568550,0.8399501464702047,0.2,0.1,1000000,999000,100,3981,500,0.8244093890795153,0.9817270297576983,False,False
RR_OBM_RR,RR + OBM-RR,2.6077782452571476,3.605205109152786,95.0,0,1021568550,0.8399501464702047,0.2,0.1,1000000,999000,100,3981,500,0.8244093890795153,0.9817270297576983,False,False
RR_MSB,RR + MSB,2.6077782452571476,3.5463017633670315,95.0,0,1021568550,0.8399501464702047,0.2,0.1,1000000,999000,100,3981,500,0.8244093890795153,0.9817270297576983,False,False
RR_BATCH,RR + batch means,2.7638051942206743,4.092692811832931,95.0,0,938776597,1.1404076644168968,0.2,0.1,1000000,999000,100,3981,500,0.818841818878113,0.976899325569409,False,False
RR_ORACLE,RR + oracle variance,2.763773986667804,4.188180653198919,93.0,0,938776597,1.1404076644168968,0.2,0.1,1000000,999000,100,3981,500,0.818841818878113,0.976899325569409,False,False
RR_OBM,RR + OBM,2.763773986667804,4.178023463313602,96.0,0,938776597,1.1404076644168968,0.2,0.1,1000000,999000,100,3981,500,0.818841818878113,0.976899325569409,False,False
RR_OBM_RR,RR + OBM-RR,2.763773986667804,4.164859341828013,95.0,0,938776597,1.1404076644168968,0.2,0.1,1000000,999000,100,3981,500,0.818841818878113,0.976899325569409,False,False
RR_MSB,RR + MSB,2.763773986667804,4.1589319993527285,94.0,0,938776597,1.1404076644168968,0.2,0.1,1000000,999000,100,3981,500,0.818841818878113,0.976899325569409,False,False
RR_BATCH,RR + batch means,4.239085772575406,10.106851725061054,92.0,0,1352408539,7.004354026268703,0.2,0.1,1000000,999000,100,3981,500,0.6039294242984731,0.9836185308196135,False,False
RR_ORACLE,RR + oracle variance,4.23886400729398,10.379570593989566,97.0,0,1352408539,7.004354026268703,0.2,0.1,1000000,999000,100,3981,500,0.6039294242984731,0.9836185308196135,False,False
RR_OBM,RR + OBM,4.23886400729398,10.280226150784184,95.0,0,1352408539,7.004354026268703,0.2,0.1,1000000,999000,100,3981,500,0.6039294242984731,0.9836185308196135,False,False
RR_OBM_RR,RR + OBM-RR,4.23886400729398,10.166238957806238,93.0,0,1352408539,7.004354026268703,0.2,0.1,1000000,999000,100,3981,500,0.6039294242984731,0.9836185308196135,False,False
RR_MSB,RR + MSB,4.23886400729398,10.214895542120326,97.0,0,1352408539,7.004354026268703,0.2,0.1,1000000,999000,100,3981,500,0.6039294242984731,0.9836185308196135,False,False
RR_BATCH,RR + batch means,3.2429386412884558,4.7044325272469,92.0,0,208792607,1.4675938251813647,0.2,0.1,1000000,999000,100,3981,500,0.6087943187396713,0.966523977573583,False,False
RR_ORACLE,RR + oracle variance,3.243093679723034,4.751144952336737,94.0,0,208792607,1.4675938251813647,0.2,0.1,1000000,999000,100,3981,500,0.6087943187396713,0.966523977573583,False,False
RR_OBM,RR + OBM,3.243093679723034,4.7154124532919806,94.0,0,208792607,1.4675938251813647,0.2,0.1,1000000,999000,100,3981,500,0.6087943187396713,0.966523977573583,False,False
RR_OBM_RR,RR + OBM-RR,3.243093679723034,4.73506314601063,92.0,0,208792607,1.4675938251813647,0.2,0.1,1000000,999000,100,3981,500,0.6087943187396713,0.966523977573583,False,False
RR_MSB,RR + MSB,3.243093679723034,4.707682192598292,94.0,0,208792607,1.4675938251813647,0.2,0.1,1000000,999000,100,3981,500,0.6087943187396713,0.966523977573583,False,False
RR_BATCH,RR + batch means,2.9956306904496914,7.227388853773253,92.0,0,670802254,3.427604295372431,0.2,0.1,1000000,999000,100,3981,500,0.7803566706151667,0.9591163685199341,False,False
RR_ORACLE,RR + oracle variance,2.995490159080691,7.260903782654812,94.0,0,670802254,3.427604295372431,0.2,0.1,1000000,999000,100,3981,500,0.7803566706151667,0.9591163685199341,False,False
RR_OBM,RR + OBM,2.995490159080691,7.200225754057039,95.0,0,670802254,3.427604295372431,0.2,0.1,1000000,999000,100,3981,500,0.7803566706151667,0.9591163685199341,False,False
RR_OBM_RR,RR + OBM-RR,2.995490159080691,7.215865590967049,95.0,0,670802254,3.427604295372431,0.2,0.1,1000000,999000,100,3981,500,0.7803566706151667,0.9591163685199341,False,False
RR_MSB,RR + MSB,2.995490159080691,7.109412275902957,94.0,0,670802254,3.427604295372431,0.2,0.1,1000000,999000,100,3981,500,0.7803566706151667,0.9591163685199341,False,False
RR_BATCH,RR + batch means,3.3311505109680994,5.935397923862707,95.0,0,1648932250,2.339013830207248,0.2,0.1,1000000,999000,100,3981,500,0.6991674983530618,0.972203257911216,False,False
RR_ORACLE,RR + oracle variance,3.3312786685284403,5.998072866948011,95.0,0,1648932250,2.339013830207248,0.2,0.1,1000000,999000,100,3981,500,0.6991674983530618,0.972203257911216,False,False
RR_OBM,RR + OBM,3.3312786685284403,5.936188690451547,95.0,0,1648932250,2.339013830207248,0.2,0.1,1000000,999000,100,3981,500,0.6991674983530618,0.972203257911216,False,False
RR_OBM_RR,RR + OBM-RR,3.3312786685284403,5.944099742219508,96.0,0,1648932250,2.339013830207248,0.2,0.1,1000000,999000,100,3981,500,0.6991674983530618,0.972203257911216,False,False
RR_MSB,RR + MSB,3.3312786685284403,5.8901727771726815,95.0,0,1648932250,2.339013830207248,0.2,0.1,1000000,999000,100,3981,500,0.6991674983530618,0.972203257911216,False,False
RR_BATCH,RR + batch means,2.267836280128395,6.041050458159298,96.0,0,1503807855,2.412941087733757,0.2,0.1,1000000,999000,100,3981,500,0.798555470419618,0.9609758422861282,False,False
RR_ORACLE,RR + oracle variance,2.2678921064711126,6.092123543595528,97.0,0,1503807855,2.412941087733757,0.2,0.1,1000000,999000,100,3981,500,0.798555470419618,0.9609758422861282,False,False
RR_OBM,RR + OBM,2.2678921064711126,6.051228648374866,96.0,0,1503807855,2.412941087733757,0.2,0.1,1000000,999000,100,3981,500,0.798555470419618,0.9609758422861282,False,False
RR_OBM_RR,RR + OBM-RR,2.2678921064711126,6.0136178651674275,95.0,0,1503807855,2.412941087733757,0.2,0.1,1000000,999000,100,3981,500,0.798555470419618,0.9609758422861282,False,False
RR_MSB,RR + MSB,2.2678921064711126,5.995354112564935,96.0,0,1503807855,2.412941087733757,0.2,0.1,1000000,999000,100,3981,500,0.798555470419618,0.9609758422861282,False,False
RR_BATCH,RR + batch means,2.7142787717478987,3.5491366212764333,98.0,0,1787264314,0.8433099627428157,0.2,0.1,1000000,999000,100,3981,500,0.7005529485506353,0.9633826801506715,False,False
RR_ORACLE,RR + oracle variance,2.7141479803830837,3.601545933754482,96.0,0,1787264314,0.8433099627428157,0.2,0.1,1000000,999000,100,3981,500,0.7005529485506353,0.9633826801506715,False,False
RR_OBM,RR + OBM,2.7141479803830837,3.5659849259131797,95.0,0,1787264314,0.8433099627428157,0.2,0.1,1000000,999000,100,3981,500,0.7005529485506353,0.9633826801506715,False,False
RR_OBM_RR,RR + OBM-RR,2.7141479803830837,3.536997758701863,95.0,0,1787264314,0.8433099627428157,0.2,0.1,1000000,999000,100,3981,500,0.7005529485506353,0.9633826801506715,False,False
RR_MSB,RR + MSB,2.7141479803830837,3.5307615308808664,95.0,0,1787264314,0.8433099627428157,0.2,0.1,1000000,999000,100,3981,500,0.7005529485506353,0.9633826801506715,False,False
RR_BATCH,RR + batch means,3.7295680267854143,4.665217580330194,93.0,0,1788162810,1.4653522983672826,0.2,0.1,1000000,999000,100,3981,500,0.6931201435895925,0.9767900513556478,False,False
RR_ORACLE,RR + oracle variance,3.729437563306669,4.747515239459323,96.0,0,1788162810,1.4653522983672826,0.2,0.1,1000000,999000,100,3981,500,0.6931201435895925,0.9767900513556478,False,False
RR_OBM,RR + OBM,3.729437563306669,4.699414556187828,94.0,0,1788162810,1.4653522983672826,0.2,0.1,1000000,999000,100,3981,500,0.6931201435895925,0.9767900513556478,False,False
RR_OBM_RR,RR + OBM-RR,3.729437563306669,4.6804824082209775,93.0,0,1788162810,1.4653522983672826,0.2,0.1,1000000,999000,100,3981,500,0.6931201435895925,0.9767900513556478,False,False
RR_MSB,RR + MSB,3.729437563306669,4.637366641341765,92.0,0,1788162810,1.4653522983672826,0.2,0.1,1000000,999000,100,3981,500,0.6931201435895925,0.9767900513556478,False,False
RR_BATCH,RR + batch means,2.961101016511929,7.055980052127403,94.0,0,934620677,3.37104561229576,0.2,0.1,1000000,999000,100,3981,500,0.7674081319090251,0.96550879251693,False,False
RR_ORACLE,RR + oracle variance,2.9609389477068713,7.200748738267065,94.0,0,934620677,3.37104561229576,0.2,0.1,1000000,999000,100,3981,500,0.7674081319090251,0.96550879251693,False,False
RR_OBM,RR + OBM,2.9609389477068713,7.1047101591589215,94.0,0,934620677,3.37104561229576,0.2,0.1,1000000,999000,100,3981,500,0.7674081319090251,0.96550879251693,False,False
RR_OBM_RR,RR + OBM-RR,2.9609389477068713,7.068316306029465,94.0,0,934620677,3.37104561229576,0.2,0.1,1000000,999000,100,3981,500,0.7674081319090251,0.96550879251693,False,False
RR_MSB,RR + MSB,2.9609389477068713,7.012249757107753,94.0,0,934620677,3.37104561229576,0.2,0.1,1000000,999000,100,3981,500,0.7674081319090251,0.96550879251693,False,False
RR_BATCH,RR + batch means,2.3989362534735843,3.8313923203451545,96.0,0,1807519525,0.9723897426489855,0.2,0.1,1000000,999000,100,3981,500,0.7894567361140395,0.9674766768483056,False,False
RR_ORACLE,RR + oracle variance,2.399149538727032,3.867368246412422,96.0,0,1807519525,0.9723897426489855,0.2,0.1,1000000,999000,100,3981,500,0.7894567361140395,0.9674766768483056,False,False
RR_OBM,RR + OBM,2.399149538727032,3.8750229364690583,96.0,0,1807519525,0.9723897426489855,0.2,0.1,1000000,999000,100,3981,500,0.7894567361140395,0.9674766768483056,False,False
RR_OBM_RR,RR + OBM-RR,2.399149538727032,3.885117975653625,96.0,0,1807519525,0.9723897426489855,0.2,0.1,1000000,999000,100,3981,500,0.7894567361140395,0.9674766768483056,False,False
RR_MSB,RR + MSB,2.399149538727032,3.8614305320182503,95.0,0,1807519525,0.9723897426489855,0.2,0.1,1000000,999000,100,3981,500,0.7894567361140395,0.9674766768483056,False,False
RR_BATCH,RR + batch means,2.8173688552401677,7.3957065051957125,93.0,0,1728218298,3.5742347952439077,0.2,0.1,1000000,999000,100,3981,500,0.802814012501832,0.9595683087022744,False,False
RR_ORACLE,RR + oracle variance,2.8171964722567253,7.414585572025666,93.0,0,1728218298,3.5742347952439077,0.2,0.1,1000000,999000,100,3981,500,0.802814012501832,0.9595683087022744,False,False
RR_OBM,RR + OBM,2.8171964722567253,7.403278986689286,93.0,0,1728218298,3.5742347952439077,0.2,0.1,1000000,999000,100,3981,500,0.802814012501832,0.9595683087022744,False,False
RR_OBM_RR,RR + OBM-RR,2.8171964722567253,7.4341948272754435,94.0,0,1728218298,3.5742347952439077,0.2,0.1,1000000,999000,100,3981,500,0.802814012501832,0.9595683087022744,False,False
RR_MSB,RR + MSB,2.8171964722567253,7.372986887934741,92.0,0,1728218298,3.5742347952439077,0.2,0.1,1000000,999000,100,3981,500,0.802814012501832,0.9595683087022744,False,False
RR_BATCH,RR + batch means,3.8633563822365957,5.344318654506651,93.0,0,832103482,1.8467872299257386,0.2,0.1,1000000,999000,100,3981,500,0.609236402748877,0.9719750872813987,False,False
RR_ORACLE,RR + oracle variance,3.863321044832392,5.329712394828225,93.0,0,832103482,1.8467872299257386,0.2,0.1,1000000,999000,100,3981,500,0.609236402748877,0.9719750872813987,False,False
RR_OBM,RR + OBM,3.863321044832392,5.299153939780958,93.0,0,832103482,1.8467872299257386,0.2,0.1,1000000,999000,100,3981,500,0.609236402748877,0.9719750872813987,False,False
RR_OBM_RR,RR + OBM-RR,3.863321044832392,5.299106645717996,93.0,0,832103482,1.8467872299257386,0.2,0.1,1000000,999000,100,3981,500,0.609236402748877,0.9719750872813987,False,False
RR_MSB,RR + MSB,3.863321044832392,5.225074899905373,93.0,0,832103482,1.8467872299257386,0.2,0.1,1000000,999000,100,3981,500,0.609236402748877,0.9719750872813987,False,False
RR_BATCH,RR + batch means,3.251669048164054,6.582324217771837,93.0,0,1928628491,2.7944941096607088,0.2,0.1,1000000,999000,100,3981,500,0.7886025025448311,0.9730379108273683,False,False
RR_ORACLE,RR + oracle variance,3.2513515386640224,6.556120720871624,93.0,0,1928628491,2.7944941096607088,0.2,0.1,1000000,999000,100,3981,500,0.7886025025448311,0.9730379108273683,False,False
RR_OBM,RR + OBM,3.2513515386640224,6.5728770756726265,93.0,0,1928628491,2.7944941096607088,0.2,0.1,1000000,999000,100,3981,500,0.7886025025448311,0.9730379108273683,False,False
RR_OBM_RR,RR + OBM-RR,3.2513515386640224,6.614522745369997,94.0,0,1928628491,2.7944941096607088,0.2,0.1,1000000,999000,100,3981,500,0.7886025025448311,0.9730379108273683,False,False
RR_MSB,RR + MSB,3.2513515386640224,6.483675890983435,93.0,0,1928628491,2.7944941096607088,0.2,0.1,1000000,999000,100,3981,500,0.7886025025448311,0.9730379108273683,False,False
RR_BATCH,RR + batch means,2.3265980283126164,4.626042726970624,92.0,0,619179888,1.3904310474496269,0.2,0.1,1000000,999000,100,3981,500,0.8181650406233747,0.957962340095406,False,False
RR_ORACLE,RR + oracle variance,2.3265538753194335,4.62455629959648,92.0,0,619179888,1.3904310474496269,0.2,0.1,1000000,999000,100,3981,500,0.8181650406233747,0.957962340095406,False,False
RR_OBM,RR + OBM,2.3265538753194335,4.6187710264161455,92.0,0,619179888,1.3904310474496269,0.2,0.1,1000000,999000,100,3981,500,0.8181650406233747,0.957962340095406,False,False
RR_OBM_RR,RR + OBM-RR,2.3265538753194335,4.649530330885679,92.0,0,619179888,1.3904310474496269,0.2,0.1,1000000,999000,100,3981,500,0.8181650406233747,0.957962340095406,False,False
RR_MSB,RR + MSB,2.3265538753194335,4.587598406789766,92.0,0,619179888,1.3904310474496269,0.2,0.1,1000000,999000,100,3981,500,0.8181650406233747,0.957962340095406,False,False
RR_BATCH,RR + batch means,3.139343602301364,7.616179856160805,94.0,0,514446424,3.826453449941487,0.2,0.1,1000000,999000,100,3981,500,0.6650854396717192,0.9865237322781218,False,False
RR_ORACLE,RR + oracle variance,3.139212598864089,7.671734415238235,94.0,0,514446424,3.826453449941487,0.2,0.1,1000000,999000,100,3981,500,0.6650854396717192,0.9865237322781218,False,False
RR_OBM,RR + OBM,3.139212598864089,7.617842475505975,94.0,0,514446424,3.826453449941487,0.2,0.1,1000000,999000,100,3981,500,0.6650854396717192,0.9865237322781218,False,False
RR_OBM_RR,RR + OBM-RR,3.139212598864089,7.652749510127931,93.0,0,514446424,3.826453449941487,0.2,0.1,1000000,999000,100,3981,500,0.6650854396717192,0.9865237322781218,False,False
RR_MSB,RR + MSB,3.139212598864089,7.572752980198546,92.0,0,514446424,3.826453449941487,0.2,0.1,1000000,999000,100,3981,500,0.6650854396717192,0.9865237322781218,False,False
RR_BATCH,RR + batch means,2.0999771632400814,3.467017503879554,96.0,0,1367435608,0.7860562113867311,0.2,0.1,1000000,999000,100,3981,500,0.7780577788232529,0.9601545481079107,False,False
RR_ORACLE,RR + oracle variance,2.09978864862606,3.4771397394898873,96.0,0,1367435608,0.7860562113867311,0.2,0.1,1000000,999000,100,3981,500,0.7780577788232529,0.9601545481079107,False,False
RR_OBM,RR + OBM,2.09978864862606,3.465298352044219,95.0,0,1367435608,0.7860562113867311,0.2,0.1,1000000,999000,100,3981,500,0.7780577788232529,0.9601545481079107,False,False
RR_OBM_RR,RR + OBM-RR,2.09978864862606,3.4845143179974816,97.0,0,1367435608,0.7860562113867311,0.2,0.1,1000000,999000,100,3981,500,0.7780577788232529,0.9601545481079107,False,False
RR_MSB,RR + MSB,2.09978864862606,3.426542767776014,95.0,0,1367435608,0.7860562113867311,0.2,0.1,1000000,999000,100,3981,500,0.7780577788232529,0.9601545481079107,False,False
RR_BATCH,RR + batch means,3.5233468952526623,6.4097396191597245,91.0,0,300116173,2.7382898532631184,0.2,0.1,1000000,999000,100,3981,500,0.709263124937005,0.978121368174102,False,False
RR_ORACLE,RR + oracle variance,3.523137829739985,6.489855859016447,94.0,0,300116173,2.7382898532631184,0.2,0.1,1000000,999000,100,3981,500,0.709263124937005,0.978121368174102,False,False
RR_OBM,RR + OBM,3.523137829739985,6.440403048261846,93.0,0,300116173,2.7382898532631184,0.2,0.1,1000000,999000,100,3981,500,0.709263124937005,0.978121368174102,False,False
RR_OBM_RR,RR + OBM-RR,3.523137829739985,6.397931780671157,94.0,0,300116173,2.7382898532631184,0.2,0.1,1000000,999000,100,3981,500,0.709263124937005,0.978121368174102,False,False
RR_MSB,RR + MSB,3.523137829739985,6.370160339022764,95.0,0,300116173,2.7382898532631184,0.2,0.1,1000000,999000,100,3981,500,0.709263124937005,0.978121368174102,False,False
RR_BATCH,RR + batch means,2.595331680087517,5.331078445645878,95.0,0,1465647934,1.8816782005191437,0.2,0.1,1000000,999000,100,3981,500,0.8046305474845927,0.9606968152294643,False,False
RR_ORACLE,RR + oracle variance,2.5953261121899485,5.379823397115616,94.0,0,1465647934,1.8816782005191437,0.2,0.1,1000000,999000,100,3981,500,0.8046305474845927,0.9606968152294643,False,False
RR_OBM,RR + OBM,2.5953261121899485,5.367491898285995,94.0,0,1465647934,1.8816782005191437,0.2,0.1,1000000,999000,100,3981,500,0.8046305474845927,0.9606968152294643,False,False
RR_OBM_RR,RR + OBM-RR,2.5953261121899485,5.380445029482253,95.0,0,1465647934,1.8816782005191437,0.2,0.1,1000000,999000,100,3981,500,0.8046305474845927,0.9606968152294643,False,False
RR_MSB,RR + MSB,2.5953261121899485,5.352940200890788,95.0,0,1465647934,1.8816782005191437,0.2,0.1,1000000,999000,100,3981,500,0.8046305474845927,0.9606968152294643,False,False
