estimator,lam,x,ratio_mean,ratio_std,ratio_cv,ratio_min,ratio_max,log_ratio_slope,abs_log_ratio_slope
OBM,0.0,0.15,147.98735536746406,131.43335345143367,0.8881390786738129,42.70206933566286,365.7178321262056,0.4637185675508917,0.4637185675508917
OBM,0.0,0.16,130.38369329490533,113.70463641016615,0.8720771251124629,38.944750097052136,318.52691597959523,0.45371856755089135,0.45371856755089135
OBM,0.0,0.17,114.89711146364857,98.3365155179087,0.855865863512336,35.518034224518665,277.42534623922705,0.44371856755089123,0.44371856755089123
OBM,0.0,0.18,101.27060194994368,85.01733415445726,0.8395065548882573,32.39283220537521,241.62737550532597,0.4337185675508914,0.4337185675508914
OBM,0.0,0.19,89.27860740432827,73.47634944579912,0.8230006222323417,29.54261408873938,210.4486464017846,0.4237185675508913,0.4237185675508913
OBM,0.0,0.2,78.72314612904079,63.478381980173744,0.8063496582837498,26.943184271838927,183.29310857149613,0.41371856755089137,0.41371856755089137
OBM,0.0,0.21,69.43041733856862,54.8191632830884,0.7895554338348524,24.57247610268077,159.64162385563995,0.40371856755089136,0.40371856755089136
OBM,0.0,0.22,61.24782680526397,47.321290230220185,0.7726199066732133,22.410364555458923,139.04204181972642,0.3937185675508914,0.3937185675508914
OBM,0.0,0.23,54.041380570064675,40.83070738158832,0.7555452312816341,20.43849538849602,121.10055589813243,0.38371856755089156,0.38371856755089156
OBM,0.0,0.24,47.693400937907114,35.213648492217594,0.738333769446697,18.640129334434146,105.47417491071445,0.3737185675508913,0.3737185675508913
OBM,0.0,0.25,42.10052469657653,30.353977392553574,0.7209881019611581,17.0,91.86416602789143,0.36371856755089144,0.36371856755089144
OBM,0.0,0.26,37.171948499746804,26.15087620917814,0.7035110416489538,15.504184269050464,80.01034383197371,0.3537185675508912,0.3537185675508912
OBM,0.0,0.27,32.8278907300368,22.51683566352122,0.6859056479958004,14.139984108745406,69.68609629751617,0.34371856755089114,0.34371856755089114
OBM,0.0,0.28,28.998242984888304,19.37590807435381,0.6681752437363557,12.89581877549612,60.69405260130983,0.33371856755089124,0.33371856755089124
OBM,0.0,0.29,25.621387675845437,16.662188812964008,0.6503234338346274,11.761126505621924,52.86230994262003,0.32371856755089135,0.32371856755089135
OBM,0.0,0.3,22.643161160595735,14.318496417352629,0.6323541274029387,10.726274856163286,46.04114724099536,0.31371856755089145,0.31371856755089145
OBM,0.0,0.31,20.01594438954232,12.295225449953083,0.6142715632431982,9.78247893473167,40.100162886713804,0.3037185675508914,0.3037185675508914
OBM,0.0,0.32,17.697865290706385,10.549349557488496,0.5960803398717379,8.921726824246134,34.92578182563584,0.2937185675508915,0.2937185675508915
OBM,0.0,0.33,15.652099078612986,9.043555127080646,0.5777854511180389,8.13671156948485,30.419084320878625,0.28371856755089125,0.28371856755089125
OBM,0.0,0.34,13.846254389630749,7.7454884865839,0.5593923286852494,7.420769148082821,26.493914883289168,0.2737185675508913,0.2737185675508913
OBM,0.0,0.35,12.251834648738901,6.627101818909068,0.5409068934497255,6.767821899409455,23.075235218740385,0.26371856755089135,0.26371856755089135
OBM,0.0,0.36,10.843765387737584,5.66408489297374,0.5223356177900009,6.172326931091724,20.09768970519511,0.25371856755089156,0.25371856755089156
OBM,0.0,0.37,9.599979385981012,4.835371395421014,0.5036856019172474,5.629229065204049,17.504355975460093,0.24371856755089147,0.24371856755089147
OBM,0.0,0.38,8.50105251232464,4.1227101100734,0.48496466809214334,5.133917924683427,15.245656720255893,0.23371856755089138,0.23371856755089138
OBM,0.0,0.39,7.529884029089127,3.5102924646887876,0.4661814778458706,4.682188795674882,13.278411908312117,0.22371856755089148,0.22371856755089148
OBM,0.0,0.4,6.67141589115009,2.984429071734627,0.4473456790025032,4.270206933566286,11.565013304579091,0.2137185675508915,0.2137185675508915
OBM,0.0,0.41,5.912386249490382,2.533268853174566,0.4284680916090219,3.894475009705215,10.072705505646047,0.2037185675508915,0.2037185675508915
OBM,0.0,0.42,5.241112960704568,2.146555177473436,0.4095609450830979,3.5518034224518678,8.772959747767858,0.19371856755089154,0.19371856755089154
OBM,0.0,0.43,4.647303422522484,1.8154141665744616,0.390638183376691,3.23928322053752,7.640928516456085,0.18371856755089147,0.18371856755089147
OBM,0.0,0.44,4.121887509602398,1.532170965813082,0.37171586129988227,2.954261408873938,6.65497053129038,0.1737185675508914,0.1737185675508914
OBM,0.0,0.45,3.656870781667492,1.2901903231434864,0.352812664207723,2.6943184271838927,5.7962370249845945,0.16371856755089143,0.16371856755089143
OBM,0.0,0.46,3.245205484547879,1.0837383066697834,0.33395059629660695,2.4572476102680763,5.048311407516935,0.1537185675508915,0.1537185675508915
OBM,0.0,0.47,2.880677169991557,0.9078624109764369,0.31515590168651136,2.2410364555458924,4.396895426707187,0.14371856755089152,0.14371856755089152
OBM,0.0,0.48,2.5578050275994193,0.7582876716637118,0.29646031010244306,2.029307361724863,3.8295358255063636,0.13371856755089145,0.13371856755089145
OBM,0.0,0.49,2.2717542566272386,0.6313267312286668,0.27790273943008537,1.83052902010937,3.3353862704484447,0.12371856755089149,0.12371856755089149
OBM,0.0,0.5,2.0182590107987184,0.5238020841204131,0.25953164649225097,1.6512217698823297,2.905,0.11371856755089142,0.11371856755089142
OBM,0.0,0.51,1.7935546292915752,0.43297897856040335,0.2414083025346281,1.489478343899967,2.530149228822414,0.10371856755089147,0.10371856755089147
OBM,0.0,0.52,1.5943180248461781,0.35650766767148795,0.22361138876660713,1.3435782990585738,2.203667855459778,0.09371856755089143,0.09371856755089143
OBM,0.0,0.53,1.4176152382635543,0.29237387383603275,0.20624346151510287,1.2119697161722327,1.9193144664620658,0.08371856755089148,0.08371856755089148
OBM,0.0,0.54,1.2608552898220011,0.23885642923793327,0.18944000248565668,1.093252692416824,1.6716530179644402,0.0737185675508915,0.0737185675508915
OBM,0.0,0.55,1.1217495644637911,0.19449101030575044,0.1733818460617984,0.9851667931615627,1.455948913687225,0.06371856755089145,0.06371856755089145
OBM,0.0,0.56,0.9982760608365435,0.1580385385407883,0.15831145786302225,0.8780308286234563,1.2680784926576811,0.05371856755089146,0.05371856755089146
OBM,0.0,0.57,0.8886479160384597,0.12845589459050036,0.144552068678841,0.7825457997210064,1.1044501963112312,0.043718567550891624,0.043718567550891624
OBM,0.0,0.58,0.7912856896317605,0.10486476862443189,0.13252453569990968,0.6974446781339689,0.9619359079069277,0.03371856755089158,0.03371856755089158
OBM,0.0,0.59,0.704792953396909,0.0865120561670402,0.12274818547784253,0.621598223683288,0.8378111516582794,0.0237185675508916,0.0237185675508916
OBM,0.0,0.6,0.6279347884895774,0.0727151059514429,0.11580040998580514,0.5540000000000002,0.7297030083535332,0.013718567550891576,0.013718567550891576
OBM,0.0,0.61,0.5596188400859664,0.06279472321218371,0.1122098090953075,0.49375301972609514,0.6355447517573451,0.0037185675508915384,0.0037185675508915384
OBM,0.0,0.62,0.49887862209454903,0.05602245646447544,0.11229676715603559,0.440057842037252,0.5629229065204049,-0.006281432449108436,0.006281432449108436
OBM,0.0,0.63,0.44485880180485377,0.05162456655193244,0.11604708357457338,0.39220196454881234,0.5133917924683428,-0.016281432449108485,0.016281432449108485
OBM,0.0,0.64,0.396802227077023,0.04885318428407759,0.12311721293488287,0.349550368842027,0.4682188795674882,-0.02628143244910849,0.02628143244910849
OBM,0.0,0.65,0.35403848741076394,0.047075350735149145,0.13296676042040365,0.31153709415545333,0.4270206933566285,-0.03628143244910843,0.03628143244910843
OBM,0.0,0.66,0.3159738254606767,0.045821437645563935,0.14501656135206195,0.27693995436481733,0.3894475009705213,-0.04628143244910839,0.04628143244910839
OBM,0.0,0.67,0.28208223771768254,0.04478081142576888,0.15875090820353968,0.24412620713023575,0.3551803422451866,-0.05628143244910842,0.05628143244910842
OBM,0.0,0.68,0.25189762253100756,0.043768266300340086,0.17375418577026225,0.21520045796384407,0.3239283220537519,-0.06628143244910846,0.06628143244910846
OBM,0.0,0.69,0.22500685073288426,0.04268562961510606,0.18970813322381944,0.18970203015992582,0.295426140887394,-0.07628143244910829,0.07628143244910829
OBM,0.0,0.7,0.20104364913893452,0.041490256314084185,0.20637436940577844,0.16722483115181624,0.2694318427183894,-0.08628143244910834,0.08628143244910834
OBM_RR,2.0,0.15,23.18338220818967,17.43018811083836,0.7518397425497751,8.79160251028353,51.11237171884319,0.3935765330913413,0.3935765330913413
OBM_RR,2.0,0.16,20.458351856482484,15.039933031748465,0.7351488104836204,8.018036784687204,44.51701476341331,0.38357653309134115,0.38357653309134115
OBM_RR,2.0,0.17,18.05758447762951,12.971195759080869,0.7183239693631298,7.312536457989137,38.77269899247029,0.37357653309134126,0.37357653309134126
OBM_RR,2.0,0.18,15.942083212383853,11.181258161118404,0.7013674444022957,6.669112512871366,33.76960910676845,0.36357653309134125,0.36357653309134125
OBM_RR,2.0,0.19,14.077583939037847,9.633032969064876,0.6842816928515689,6.082302900622814,29.412099979044594,0.3535765330913412,0.3535765330913412
OBM_RR,2.0,0.2,12.433976419164221,8.294325454793837,0.6670694213325008,5.547126173613896,25.616868185895843,0.34357653309134106,0.34357653309134106
OBM_RR,2.0,0.21,10.984796712807045,7.137191574603484,0.6497336055643449,5.059039197610747,22.311359478619558,0.3335765330913411,0.3335765330913411
OBM_RR,2.0,0.22,9.706782038563427,6.137380006572678,0.6322775129996625,4.6138985849474246,19.432381748299115,0.32357653309134127,0.32357653309134127
OBM_RR,2.0,0.23,8.579480351947543,5.273847144831138,0.6147047290147327,4.207925521160945,16.924896968895617,0.3135765330913412,0.3135765330913412
OBM_RR,2.0,0.24,7.584907876204073,4.528335537248969,0.5970191874650969,3.837673686501148,14.740969023666116,0.303576533091341,0.303576533091341
OBM_RR,2.0,0.25,6.70724866053852,3.885007491306033,0.5792252066280347,3.5,12.83884730028362,0.2935765330913412,0.2935765330913412
OBM_RR,2.0,0.26,5.932590976593149,3.3301266502318865,0.5613275318272903,3.192037937745684,11.182168535552954,0.2835765330913411,0.2835765330913411
OBM_RR,2.0,0.27,5.248696008065524,2.8517812788101344,0.5433313863915689,2.911173198859348,9.739261651219127,0.27357653309134106,0.27357653309134106
OBM_RR,2.0,0.28,4.644794852135978,2.439643813704915,0.5252425330653749,2.6550215126021426,8.482542291267398,0.2635765330913413,0.2635765330913413
OBM_RR,2.0,0.29,4.1114103448903165,2.0847619426219612,0.5070673486077387,2.421408398216278,7.387985485956534,0.25357653309134126,0.25357653309134126
OBM_RR,2.0,0.3,3.640200654982915,1.779377093840672,0.48881291513558706,2.208350705680677,6.434666361392122,0.24357653309134128,0.24357653309134128
OBM_RR,2.0,0.31,3.2238219680677567,1.5167667546406063,0.4704871328703371,2.0058039908217262,5.604360114287712,0.23357653309134124,0.23357653309134124
OBM_RR,2.0,0.32,2.8558079157515954,1.2911075043376934,0.4520988604368015,1.8093278933998025,4.881193604546696,0.22357653309134118,0.22357653309134118
OBM_RR,2.0,0.33,2.5304636928721367,1.0973560541351683,0.43365809089702567,1.632097373828352,4.251341905086651,0.21357653309134117,0.21357653309134117
OBM_RR,2.0,0.34,2.2427730609157357,0.931145939703212,0.4151761745002503,1.4722272548687245,3.7027640077849924,0.20357653309134122,0.20357653309134122
OBM_RR,2.0,0.35,1.9883166578605114,0.7886978202347249,0.3966661030156975,1.3280170195324714,3.224972632980584,0.19357653309134124,0.19357653309134124
OBM_RR,2.0,0.36,1.7632002295953868,0.6667416057074093,0.3781428759570947,1.1979327229104764,2.8088337419308824,0.18357653309134123,0.18357653309134123
OBM_RR,2.0,0.37,1.5639915687647117,0.5624488674782596,0.3596239766960502,1.080590675806938,2.4463919194618926,0.1735765330913412,0.1735765330913412
OBM_RR,2.0,0.38,1.3876650964320514,0.47337419075208226,0.34112999741019395,0.9747427266231852,2.1307182886140765,0.1635765330913412,0.1635765330913412
OBM_RR,2.0,0.39,1.231553152979778,0.39740430493770296,0.322685467514067,0.8792629849367254,1.8557780498363923,0.15357653309134123,0.15357653309134123
OBM_RR,2.0,0.4,1.0933031794677122,0.33271398296751054,0.3043199628574174,0.7931358455559994,1.6163151124471984,0.14357653309134127,0.14357653309134127
OBM_RR,2.0,0.41,0.970840071281188,0.27772783636890924,0.28606960567913137,0.7154451856643321,1.407751612837279,0.13357653309134127,0.13357653309134127
OBM_RR,2.0,0.42,0.8623330740713658,0.23108725178586598,0.2679791124035461,0.6453646201445455,1.2261003984832188,0.12357653309134128,0.12357653309134128
OBM_RR,2.0,0.43,0.7661666692730346,0.19162181858421537,0.2501046133552544,0.5821487114314333,1.0678888047095252,0.11357653309134132,0.11357653309134132
OBM_RR,2.0,0.44,0.6809149642293999,0.15832468669296107,0.2325175609441028,0.5251250403924742,0.9300922670237158,0.10357653309134135,0.10357653309134135
OBM_RR,2.0,0.45,0.6053191613428505,0.13033136689375333,0.215310162335889,0.47368705389580984,0.810076499877365,0.0935765330913413,0.0935765330913413
OBM_RR,2.0,0.46,0.538267732741226,0.10690153479374272,0.19860290389194848,0.4272876129860281,0.7055471364722463,0.08357653309134137,0.08357653309134137
OBM_RR,2.0,0.47,0.478778972607597,0.08740340561038676,0.18255481257741413,0.3854331730405623,0.6145058668651008,0.07357653309134134,0.07357653309134134
OBM_RR,2.0,0.48,0.4259856393619179,0.07130016861737727,0.16737693018050442,0.3476785340018122,0.5352122358539014,0.06357653309134133,0.06357653309134133
OBM_RR,2.0,0.49,0.37912143500037165,0.058137732951299016,0.1533485780123248,0.313622104843913,0.46615037032773443,0.05357653309134135,0.05357653309134135
OBM_RR,2.0,0.5,0.3375090997014671,0.04753254523707654,0.14083337391234765,0.2829016319029166,0.406,0.04357653309134135,0.04357653309134135
OBM_RR,2.0,0.51,0.30054992683015475,0.0391575120196179,0.1302862137835302,0.25519034563321114,0.35361121752216873,0.03357653309134132,0.03357653309134132
OBM_RR,2.0,0.52,0.2677145271792223,0.032723673758702415,0.12223346302307851,0.23019348480374166,0.3079824954618485,0.0235765330913414,0.0235765330913414
OBM_RR,2.0,0.53,0.23853469209000638,0.027957045518836585,0.11720326831238259,0.20764516116237552,0.2682415398910839,0.013576533091341365,0.013576533091341365
OBM_RR,2.0,0.54,0.21259622335021663,0.024576151205992786,0.11560013070179379,0.18730553121826704,0.2421408398216277,0.0035765330913412586,0.0035765330913412586
OBM_RR,2.0,0.55,0.18953261378922848,0.02228328759128206,0.11756967387186672,0.16895824505885076,0.22083507056806753,-0.006423466908658634,0.006423466908658634
OBM_RR,2.0,0.56,0.1690194765555171,0.020779564159713094,0.12294183240407634,0.15214974647626678,0.20140397806800484,-0.016423466908658712,0.016423466908658712
OBM_RR,2.0,0.57,0.15076963340786625,0.019795700616190546,0.13129766365245885,0.13560360428378448,0.18368261108742048,-0.026423466908658513,0.026423466908658513
OBM_RR,2.0,0.58,0.13452878319270567,0.019117471303325237,0.14210692202530686,0.1208568395322401,0.1675205323129235,-0.03642346690865849,0.03642346690865849
OBM_RR,2.0,0.59,0.12007168119941396,0.01859301907241761,0.15484932739084822,0.10771377161298853,0.15278054128405813,-0.046423466908658624,0.046423466908658624
OBM_RR,2.0,0.6,0.10719876844580493,0.01812506581564041,0.16907904893332482,0.09600000000000002,0.13933750969372405,-0.056423466908658605,0.056423466908658605
OBM_RR,2.0,0.61,0.0957331972894475,0.017657150301441,0.18444124714705748,0.08556009006083959,0.1270773191695355,-0.06642346690865866,0.06642346690865866
OBM_RR,2.0,0.62,0.08551820621152413,0.017160408495456834,0.20066380313230142,0.07597078714982666,0.11589589251890688,-0.0764234669086585,0.0764234669086585
OBM_RR,2.0,0.63,0.07641480228786533,0.01662336172490844,0.21754112066253722,0.06696924668065082,0.10569831021407057,-0.08642346690865872,0.08642346690865872
OBM_RR,2.0,0.64,0.06829971484237712,0.016044839896972817,0.2349181095997441,0.05868485469228465,0.09639800461683581,-0.09642346690865848,0.09642346690865848
OBM_RR,2.0,0.65,0.061063588155301184,0.015429367308005154,0.25267704984456707,0.051112371718843176,0.08791602510283529,-0.10642346690865871,0.10642346690865871
OBM_RR,2.0,0.66,0.05460938494627112,0.014784269446255582,0.2707276315380859,0.04451701476341329,0.08018036784687203,-0.11642346690865879,0.11642346690865879
OBM_RR,2.0,0.67,0.04885097573456121,0.014117915642309872,0.28899966541142585,0.03877269899247028,0.07312536457989136,-0.1264234669086584,0.1264234669086584
OBM_RR,2.0,0.68,0.04371189215294,0.013438688948385626,0.30743782267228525,0.03376960910676842,0.06669112512871363,-0.13642346690865864,0.13642346690865864
OBM_RR,2.0,0.69,0.03912422490686045,0.012754413225859344,0.32599785059570224,0.02941209997904462,0.06082302900622818,-0.14642346690865857,0.14642346690865857
OBM_RR,2.0,0.7,0.03502764937096424,0.012072063618312071,0.34464384094009654,0.025616868185895862,0.05547126173613899,-0.15642346690865855,0.15642346690865855
OBM_RR,3.0,0.15,19.357353511483343,15.43691329420937,0.7974702370885435,7.284470651377783,44.81774465987236,0.4005770031656508,0.4005770031656508
OBM_RR,3.0,0.16,17.075291972840155,13.326553962692358,0.7804583361672225,6.643516193026541,39.03462378269738,0.39057700316565086,0.39057700316565086
OBM_RR,3.0,0.17,15.065589366561976,11.499615873329445,0.7633034190386738,6.058958779476714,33.99773606236311,0.38057700316565074,0.38057700316565074
OBM_RR,3.0,0.18,13.295395379317473,9.9184735067961,0.7460081647684909,5.525836082093417,29.610790251255093,0.37057700316565073,0.37057700316565073
OBM_RR,3.0,0.19,11.735857740941029,8.550458838889584,0.7285755355623434,5.039622403373189,25.789920178669643,0.36057700316565083,0.36057700316565083
OBM_RR,3.0,0.2,10.361631907603421,7.367211450198216,0.711008798217597,4.596190258137228,22.462081463494876,0.35057700316565094,0.35057700316565094
OBM_RR,3.0,0.21,9.150451268369066,6.3441135378491476,0.6933115484456203,4.19177533516319,19.563655109331435,0.34057700316565076,0.34057700316565076
OBM_RR,3.0,0.22,8.082750363049698,5.459798764857344,0.6754877386559927,3.822944541813581,17.039231286685922,0.3305770031656507,0.3305770031656507
OBM_RR,3.0,0.23,7.141334536034089,4.695725322030666,0.6575417099334514,3.486566860390497,14.84055005154394,0.3205770031656508,0.3205770031656508
OBM_RR,3.0,0.24,6.3110902702582194,4.035804829806628,0.6394782291145238,3.179786768815237,12.925578749815609,0.3105770031656508,0.3105770031656508
OBM_RR,3.0,0.25,5.578731162415075,3.466079797080114,0.6213025320939864,2.9,11.25770847019943,0.3005770031656508,0.3005770031656508
OBM_RR,3.0,0.26,4.932575127765619,2.97444330215435,0.6030203747756655,2.6448314341321377,9.80505418388387,0.2905770031656509,0.2905770031656509
OBM_RR,3.0,0.27,4.362348971758782,2.5503953857969734,0.5846380934464128,2.4121149361977454,8.539845191709384,0.2805770031656509,0.2805770031656509
OBM_RR,3.0,0.28,3.85901694593723,2.184831364011093,0.5661626768214328,2.1998749675846323,7.437894225840378,0.2705770031656509,0.2705770031656509
OBM_RR,3.0,0.29,3.4146303258976167,1.8698578924648859,0.5476018526173398,2.0063098156649164,6.478135056651543,0.26057700316565086,0.26057700316565086
OBM_RR,3.0,0.3,3.022195416907353,1.5986331576834782,0.5289641923020907,1.8151963722123465,5.642219765161565,0.25057700316565107,0.25057700316565107
OBM_RR,3.0,0.31,2.6755577147276832,1.3652280426431016,0.5102592387105557,1.6373910129156948,4.91416798198627,0.24057700316565092,0.24057700316565092
OBM_RR,3.0,0.32,2.369300231001321,1.1645055255015362,0.49149766258596495,1.4770023619590225,4.280061387237989,0.23057700316565077,0.23057700316565077
OBM_RR,3.0,0.33,2.098654239256864,0.9920159278428081,0.47269145592752915,1.3323243867986547,3.7277776310612016,0.22057700316565085,0.22057700316565085
OBM_RR,3.0,0.34,1.8594209135547388,0.8439059399644757,0.45385417245369297,1.2018181672397752,3.2467585881070375,0.21057700316565087,0.21057700316565087
OBM_RR,3.0,0.35,1.6479025208924807,0.716839621448261,0.4350012287498843,1.0840955261489562,2.827808515618443,0.20057700316565089,0.20057700316565089
OBM_RR,3.0,0.36,1.4608419940601949,0.6079298107999064,0.4161502840634086,0.9779042636003888,2.462918256471414,0.19057700316565088,0.19057700316565088
OBM_RR,3.0,0.37,1.2953698566283904,0.5146785829077837,0.3973217226525538,0.8821148373934186,2.145112126424714,0.1805770031656509,0.1805770031656509
OBM_RR,3.0,0.38,1.1489575987296117,0.43492557143677035,0.37853927065512444,0.7957083482638246,1.8683145584891905,0.1705770031656509,0.1705770031656509
OBM_RR,3.0,0.39,1.0193767135103238,0.36680312849602886,0.3598307903590482,0.7177657019891637,1.6272339550289547,0.16057700316565088,0.16057700316565088
OBM_RR,3.0,0.4,0.9046627015462547,0.30869742896248115,0.34122930948170377,0.6474578331069383,1.4172615271704498,0.15057700316565095,0.15057700316565095
OBM_RR,3.0,0.41,0.803083435852951,0.2592147442061682,0.3227743627047387,0.5840368862565977,1.234383187611013,0.14057700316565092,0.14057700316565092
OBM_RR,3.0,0.42,0.7131113548882804,0.21715221165894807,0.3045137483373382,0.5268282613424862,1.075102812463118,0.13057700316565093,0.13057700316565093
OBM_RR,3.0,0.43,0.633399016451537,0.18147251411438914,0.2865058350280436,0.4752234379032108,0.936375405114756,0.12057700316565094,0.12057700316565094
OBM_RR,3.0,0.44,0.5627576027864698,0.15128195644895673,0.2688225902233763,0.4286735023612034,0.8155488843853271,0.11057700316565097,0.11057700316565097
OBM_RR,3.0,0.45,0.5001380175010242,0.12581148696892483,0.2515535363569261,0.3866833093027019,0.7103133841289211,0.10057700316565096,0.10057700316565096
OBM_RR,3.0,0.46,0.44461425900677964,0.10440025319638654,0.23481085251203024,0.3488062146824719,0.6186570950347775,0.09057700316565091,0.09057700316565091
OBM_RR,3.0,0.47,0.3953687938280278,0.08648130203626234,0.21873578134211272,0.3146393249310713,0.5388278044432904,0.08057700316565103,0.08057700316565103
OBM_RR,3.0,0.48,0.35167968700973223,0.07156902273652822,0.20350627397637455,0.2838192114300508,0.4692993989260811,0.07057700316565098,0.07057700316565098
OBM_RR,3.0,0.49,0.3129092765566799,0.059247877171223054,0.1893452243512857,0.25601804477054124,0.4087426892528903,0.06057700316565105,0.06057700316565105
OBM_RR,3.0,0.5,0.2784942048806096,0.04916186506391889,0.17652742571427857,0.23094010767585033,0.356,0.05057700316565097,0.05057700316565097
OBM_RR,3.0,0.51,0.24793664307124713,0.04100407543252394,0.1653812640382527,0.20831864949649886,0.3100630380243647,0.04057700316565101,0.04057700316565101
OBM_RR,3.0,0.52,0.22079656383772828,0.03450573458812591,0.15627840392246992,0.18791304881938095,0.27005361671038935,0.030577003165651005,0.030577003165651005
OBM_RR,3.0,0.53,0.19668493653632052,0.029424692764087847,0.14960318406821246,0.16950625401010247,0.2352068674907041,0.020577003165651028,0.020577003165651028
OBM_RR,3.0,0.54,0.17525773311286355,0.02553459814655959,0.14569741199445768,0.15290247446389146,0.2048566176920278,0.010577003165650968,0.010577003165650968
OBM_RR,3.0,0.55,0.1562106473103896,0.022617693901049476,0.1447897072989414,0.13692751457299698,0.18297762989925595,0.0005770031656509595,0.0005770031656509595
OBM_RR,3.0,0.56,0.1392744413572902,0.02046449409320974,0.1469364651099966,0.12203677581950566,0.16687758182777543,-0.009422996834349063,0.009422996834349063
OBM_RR,3.0,0.57,0.12421084476355737,0.01888076887436776,0.15200580038166886,0.10876539093595215,0.1521941634724341,-0.019422996834348977,0.019422996834348977
OBM_RR,3.0,0.58,0.11080893899109245,0.01769775107503746,0.1597141100363764,0.09693725670815091,0.13880272677356517,-0.029422996834348916,0.029422996834348916
OBM_RR,3.0,0.59,0.09888196978568796,0.016779673733761703,0.16969396716235693,0.08639542098125122,0.12658959134964817,-0.03942299683434899,0.03942299683434899
OBM_RR,3.0,0.6,0.08826453600047462,0.016025378610684492,0.18156078688951946,0.07700000000000001,0.11545107946051422,-0.04942299683434887,0.04942299683434887
OBM_RR,3.0,0.61,0.07881010992381449,0.015364669071105222,0.19495809720298835,0.06794262202339883,0.1052926358833294,-0.05942299683434879,0.05942299683434879
OBM_RR,3.0,0.62,0.07038884955432075,0.014752018766617827,0.2095789156950682,0.059892313678963874,0.09602802522995142,-0.06942299683434904,0.06942299683434904
OBM_RR,3.0,0.63,0.0628856680343921,0.01415997678019461,0.22517017347180812,0.05279586113977234,0.08757859989165848,-0.079422996834349,0.079422996834349
OBM_RR,3.0,0.64,0.05619852964241849,0.013573530434651468,0.24152821294467117,0.04654024502094248,0.07987263239680681,-0.08942299683434896,0.08942299683434896
OBM_RR,3.0,0.65,0.05023694542370607,0.012985796590618109,0.2584909667794074,0.04102583725029286,0.07284470651377781,-0.09942299683434878,0.09942299683434878
OBM_RR,3.0,0.66,0.04492064477347866,0.012394945610692668,0.2759298240975093,0.03616481437367027,0.0664351619302654,-0.10942299683434892,0.10942299683434892
OBM_RR,3.0,0.67,0.04017840212665824,0.011802102502600225,0.293742455595803,0.031879758862756465,0.06058958779476712,-0.11942299683434882,0.11942299683434882
OBM_RR,3.0,0.68,0.03594700040640539,0.0112099624173873,0.31184694941583496,0.028102426149529156,0.055258360820934146,-0.129422996834349,0.129422996834349
OBM_RR,3.0,0.69,0.0321703150786124,0.010621904624928213,0.3301772021496274,0.024772657750945615,0.050396224033731916,-0.13942299683434886,0.13942299683434886
OBM_RR,3.0,0.7,0.028798504589528838,0.010041444384394999,0.3486793681657372,0.02183742317407592,0.04596190258137231,-0.14942299683434893,0.14942299683434893
OBM_RR,4.0,0.15,16.781650223331894,13.671882477252115,0.8146923750230355,6.028527435622992,39.27847284797802,0.40884558887639455,0.40884558887639455
OBM_RR,4.0,0.16,14.800108157930207,11.807826642415847,0.7978202940421734,5.498082366642655,34.21011971966737,0.3988455888763946,0.3988455888763946
OBM_RR,4.0,0.17,13.055391088766061,10.193661050150869,0.780800895265584,5.014310714049694,29.795768683868793,0.3888455888763947,0.3888455888763947
OBM_RR,4.0,0.18,11.518899284050363,8.796253453074913,0.7636366319527284,4.5731057231117935,25.95102965840334,0.37884558887639475,0.37884558887639475
OBM_RR,4.0,0.19,10.165517495391853,7.586832978532563,0.7463302268646689,4.170721988998501,22.602401954339687,0.3688455888763947,0.3688455888763947
OBM_RR,4.0,0.2,8.973187223293111,6.540418797562572,0.7288846911144994,3.803743661906672,19.68586914778203,0.35884558887639467,0.35884558887639467
OBM_RR,4.0,0.21,7.922531823726007,5.635323389712867,0.7113033453316626,3.4690554497902264,17.145675264357887,0.34884558887639466,0.34884558887639466
OBM_RR,4.0,0.22,6.996527892659785,4.852720686876542,0.6935898436090908,3.1638161725353773,14.933258880466315,0.33884558887639454,0.33884558887639454
OBM_RR,4.0,0.23,6.18021718433369,4.176270642937419,0.6757482008114374,2.8854346430817905,13.006324764274463,0.3288455888763946,0.3288455888763946
OBM_RR,4.0,0.24,5.460454035403082,3.591792875510938,0.6577828239599489,2.6315476707436445,11.328035308827163,0.3188455888763947,0.3188455888763947
OBM_RR,4.0,0.25,4.825683893736306,3.0869829827420032,0.639698548582695,2.4,9.866306299725343,0.3088455888763947,0.3088455888763947
OBM_RR,4.0,0.26,4.265749098867328,2.651165970511433,0.6215006811383702,2.188826014454183,8.593193554415077,0.2988455888763946,0.2988455888763946
OBM_RR,4.0,0.27,3.7717185407639375,2.275081949639373,0.6031950489016525,1.99623305064641,7.4843587073408075,0.28884558887639467,0.28884558887639467
OBM_RR,4.0,0.28,3.335738243261377,1.950699892797632,0.5847880590565816,1.8205861800700407,6.518603928264601,0.27884558887639466,0.27884558887639466
OBM_RR,4.0,0.29,2.9509002857599542,1.6710557890733169,0.5662867692064236,1.660394330205448,5.67746667886315,0.2688455888763947,0.2688455888763947
OBM_RR,4.0,0.3,2.6111277981697114,1.4301120110985732,0.547698972107386,1.514297626752464,4.944866760478675,0.2588455888763948,0.2588455888763948
OBM_RR,4.0,0.31,2.3110740453548857,1.2226351246321994,0.5290332982145767,1.3810558496091767,4.306798905561,0.24884558887639477,0.24884558887639477
OBM_RR,4.0,0.32,2.046033863512002,1.0440897315046322,0.5102993406533654,1.2595379045994541,3.751065036006328,0.23884558887639468,0.23884558887639468
OBM_RR,4.0,0.33,1.8118659264026273,0.8905462509307484,0.49150780858210913,1.148712221574332,3.267041069918806,0.22884558887639475,0.22884558887639475
OBM_RR,4.0,0.34,1.604924507997199,0.7586008174586799,0.4726707167088783,1.047637997376398,2.8454738187904374,0.21884558887639463,0.21884558887639463
OBM_RR,4.0,0.35,1.4219995732295718,0.6453057115707296,0.4538016211250645,0.9554572093283936,2.478304092339759,0.20884558887639473,0.20884558887639473
OBM_RR,4.0,0.36,1.2602641731509552,0.5481089458097774,0.4349159148429784,0.8713873314482433,2.158512629267082,0.19884558887639475,0.19884558887639475
OBM_RR,4.0,0.37,1.1172282473756794,0.4648018092976216,0.4160312007769414,0.7939033536540767,1.8799859085519963,0.18884558887639472,0.18884558887639472
OBM_RR,4.0,0.38,0.99069804757666,0.3934733301440213,0.3971677658056295,0.7161375134374421,1.6373992759792904,0.1788455888763947,0.1788455888763947
OBM_RR,4.0,0.39,0.878740492880649,0.3324707515624742,0.3783491875656975,0.6459891317902473,1.4261151515984098,0.1688455888763948,0.1688455888763948
OBM_RR,4.0,0.4,0.7796518530510859,0.2803652361502798,0.35960311651040117,0.5827120497962445,1.242094372126911,0.15884558887639472,0.15884558887639472
OBM_RR,4.0,0.41,0.6919302298331711,0.2359221160268243,0.34096229049525223,0.5256331976309379,1.081818973411899,0.14884558887639482,0.14884558887639482
OBM_RR,4.0,0.42,0.6142513720868492,0.19807509627293635,0.3224658588877038,0.47414543520823754,0.9422249367654293,0.13884558887639478,0.13884558887639478
OBM_RR,4.0,0.43,0.545447417499371,0.16590389692356786,0.30416111911238297,0.42770109411288976,0.8206436134713592,0.12884558887639477,0.12884558887639477
OBM_RR,4.0,0.44,0.4844882037566425,0.1386148857405015,0.28610580126761453,0.38580615212508307,0.7147507076635452,0.11884558887639485,0.11884558887639485
OBM_RR,4.0,0.45,0.4304648359425539,0.11552431062140771,0.2683710746510885,0.3480149783724317,0.6225218422702904,0.10884558887639478,0.10884558887639478
OBM_RR,4.0,0.46,0.38257523539859034,0.09604378632904984,0.2510454871157186,0.31073608484890874,0.5421938585698051,0.09884558887639489,0.09884558887639489
OBM_RR,4.0,0.47,0.3401114289867942,0.07966772327494576,0.23424006512300732,0.2769438271335972,0.4722311095120971,0.08884558887639482,0.08884558887639482
OBM_RR,4.0,0.48,0.30244836724782914,0.06596240206622922,0.21809475338373702,0.24682644574316834,0.41129610242959913,0.07884558887639487,0.07884558887639487
OBM_RR,4.0,0.49,0.2690340858491392,0.05455638915786886,0.20278615992347285,0.2199843013248168,0.35822392990702745,0.06884558887639475,0.06884558887639475
OBM_RR,4.0,0.5,0.23938104742819558,0.045131947279338336,0.1885360088620886,0.19606121493043951,0.312,0.05884558887639481,0.05884558887639481
OBM_RR,4.0,0.51,0.2130585208484565,0.037417016943984145,0.17561849577749575,0.17473974173839613,0.27174064006629717,0.04884558887639482,0.04884558887639482
OBM_RR,4.0,0.52,0.1896858723474497,0.03117726244801495,0.16436259623440597,0.15573695875359395,0.23667620340910525,0.03884558887639483,0.03884558887639483
OBM_RR,4.0,0.53,0.16892665837075047,0.02620770330744548,0.155142495330289,0.13880071059123703,0.2061363557783699,0.028845588876394844,0.028845588876394844
OBM_RR,4.0,0.54,0.1504834233182138,0.022323839616642225,0.14834749984013856,0.12370626352807049,0.17953726044919288,0.01884558887639493,0.01884558887639493
OBM_RR,4.0,0.55,0.13409311721226583,0.019353187513465597,0.1443264793585939,0.11025332342241316,0.15637041689170886,0.008845588876394792,0.008845588876394792
OBM_RR,4.0,0.56,0.11952305863607966,0.017129505721055243,0.14331549005293334,0.09826337793258896,0.1381055849609176,-0.00115441112360519,0.00115441112360519
OBM_RR,4.0,0.57,0.10656737736048043,0.015492353289301472,0.14537613360696885,0.08757732776661081,0.12595379045994548,-0.011154411123605136,0.011154411123605136
OBM_RR,4.0,0.58,0.09504387903872427,0.014292470118700136,0.15037759678218598,0.0780533755312384,0.11487122215743324,-0.021154411123605048,0.021154411123605048
OBM_RR,4.0,0.59,0.08479128133477262,0.013399846058920329,0.15803330068825244,0.06956514416672176,0.10476379973763986,-0.031154411123605223,0.031154411123605223
OBM_RR,4.0,0.6,0.07566677698326071,0.012709788433182559,0.16797052735567508,0.06200000000000001,0.09554572093283935,-0.04115441112360499,0.04115441112360499
OBM_RR,4.0,0.61,0.06754388466312918,0.012144327369874556,0.17979906590276257,0.05525755816429224,0.08713873314482433,-0.05115441112360512,0.05115441112360512
OBM_RR,4.0,0.62,0.06031055329390245,0.011649449279535888,0.1931577251955617,0.04924835055290546,0.07947146915582186,-0.06115441112360495,0.06115441112360495
OBM_RR,4.0,0.63,0.053867489514554466,0.011190222696012836,0.2077361094206803,0.04389263863181655,0.07247884128964839,-0.07115441112360517,0.07115441112360517
OBM_RR,4.0,0.64,0.04812668175050395,0.010745674169873378,0.2232789334112123,0.03911935535777197,0.06610148888011598,-0.08115441112360494,0.08115441112360494
OBM_RR,4.0,0.65,0.043010097476510405,0.010304412159850715,0.23958123241823345,0.03486516216180163,0.06028527435622991,-0.09115441112360506,0.09115441112360506
OBM_RR,4.0,0.66,0.038448533096424195,0.009861289509172005,0.25648025334129404,0.031073608484890873,0.05498082366642654,-0.10115441112360504,0.10115441112360504
OBM_RR,4.0,0.67,0.034380598332509116,0.009415027029731347,0.2738470965128265,0.027694382713359698,0.05014310714049693,-0.11115441112360523,0.11115441112360523
OBM_RR,4.0,0.68,0.03075181918916491,0.008966596530879747,0.29157938513240983,0.024682644574316816,0.045731057231117915,-0.12115441112360524,0.12115441112360524
OBM_RR,4.0,0.69,0.027513845464945775,0.008518157245621197,0.3095953001725557,0.021946247135065912,0.041707219889985034,-0.13115441112360512,0.13115441112360512
OBM_RR,4.0,0.7,0.02462375046491381,0.008072377244586697,0.32782890876387677,0.019345905093812222,0.038037436619066736,-0.14115441112360483,0.14115441112360483
